NHLid,FullName,Last Name,First Name,Position,Team,FantasyTeam,GP,G,A,+/-,PIM,TOI,SOG,HIT,BLK,PPP,SHP,W,SVP,GAA,SO,,,,
8474625,Jimmy Hayes,Hayes,Jimmy,RW,NJD,None,33,3,6,-2,6,11.93,37,50,6,1,0,0,0,0,0,,,,
8474627,Jori Lehtera,Lehtera,Jori,C,PHI,None,62,3,5,-8,14,10.51,45,55,21,0,1,0,0,0,0,,,,
8474628,Michael Stone,Stone,Michael,D,CGY,None,82,3,7,-11,28,16.75,98,106,158,1,0,0,0,0,0,,,,
8468486,Scott Hartnell,Hartnell,Scott,LW,NSH,None,62,13,11,-3,82,12.02,82,82,25,5,0,0,0,0,0,,,,
8468493,Ron Hainsey,Hainsey,Ron,D,TOR,None,80,4,19,12,20,21.86,73,91,169,1,2,0,0,0,0,,,,
8470543,Chris Kunitz,Kunitz,Chris,LW,TBL,None,82,13,16,8,35,11.95,81,131,30,1,1,0,0,0,0,,,,
8474641,Adam Henrique,Henrique,Adam,C,"NJD, ANA",None,81,24,26,11,20,17.79,151,61,61,13,3,0,0,0,0,,,,
8468498,Brooks Orpik,Orpik,Brooks,D,WSH,None,81,0,10,-9,68,19.36,54,218,168,0,0,0,0,0,0,,,,
8480771,Daniel Brickley,Brickley,Daniel,D,LAK,None,1,0,1,1,0,10.80,0,1,1,0,0,0,0,0,0,,,,
8475310,Curtis McKenzie,McKenzie,Curtis,LW,DAL,None,7,0,2,3,11,8.10,11,8,1,0,0,0,0,0,0,,,,
8477359,Tucker Poolman,Poolman,Tucker,D,WPG,None,24,1,1,2,0,12.56,27,20,18,0,0,0,0,0,0,,,,
8468508,Justin Williams,Williams,Justin,RW,CAR,None,82,16,35,-9,56,16.59,198,79,42,12,0,0,0,0,0,,,,
8468509,Niklas Kronwall,Kronwall,Niklas,D,DET,None,79,4,23,-14,36,18.52,76,82,107,15,0,0,0,0,0,,,,
8474660,David Warsofsky,Warsofsky,David,D,COL,None,16,0,5,4,0,13.39,18,1,22,0,0,0,0,0,0,,,,
8474668,Dale Weise,Weise,Dale,RW,PHI,None,46,4,4,-7,21,10.57,44,77,14,0,0,0,0,0,0,,,,
8475314,Anders Lee,Lee,Anders,LW,NYI,None,82,40,22,-25,44,17.27,208,102,38,22,0,0,0,0,0,,,,
8474673,T.J. Brodie,Brodie,TJ,D,CGY,None,73,4,28,-16,18,23.68,118,24,99,11,0,0,0,0,0,,,,
8474679,Gustav Nyquist,Nyquist,Gustav,RW,DET,None,82,21,19,-2,20,17.85,213,65,36,8,0,0,0,0,0,,,,
8474683,Derek Grant,Grant,Derek,C,ANA,None,66,12,12,3,11,11.10,65,63,39,3,1,0,0,0,0,,,,
8474685,Matt Calvert,Calvert,Matt,LW,CBJ,None,69,9,15,-10,33,13.38,108,61,35,1,2,0,0,0,0,,,,
8468542,Paul Martin,Martin,Paul,D,SJS,None,14,0,2,3,2,14.76,6,8,17,0,0,0,0,0,0,,,,
8474688,Greg Pateryn,Pateryn,Greg,D,DAL,None,73,1,12,6,50,19.62,100,155,148,0,0,0,0,0,0,,,,
8470595,Eric Staal,Staal,Eric,C,MIN,None,82,42,34,8,42,17.81,242,42,49,17,3,0,0,0,0,,,,
8470598,Thomas Vanek,Vanek,Thomas,LW,"VAN, CBJ",None,80,24,32,-3,36,14.09,168,36,18,15,0,0,0,0,0,,,,
8470600,Ryan Suter,Suter,Ryan,D,MIN,None,78,6,45,-1,34,26.78,149,78,138,23,1,0,0,0,0,,,,
8470601,Braydon Coburn,Coburn,Braydon,D,TBL,None,72,1,14,3,40,16.02,73,77,75,0,0,0,0,0,0,,,,
8470602,Dion Phaneuf,Phaneuf,Dion,D,"OTT, LAK",None,79,6,20,-15,49,20.00,134,161,154,11,0,0,0,0,0,,,,
8470604,Jeff Carter,Carter,Jeff,C,LAK,None,27,13,9,4,2,17.84,85,27,11,9,1,0,0,0,0,,,,
8470606,Dustin Brown,Brown,Dustin,RW,LAK,None,81,28,33,31,58,19.84,222,189,33,15,1,0,0,0,0,,,,
8470607,Brent Seabrook,Seabrook,Brent,D,CHI,None,81,7,19,-3,38,20.20,136,85,170,8,0,0,0,0,0,,,,
8470609,Steve Bernier,Bernier,Steve,RW,NYI,None,4,0,0,-2,0,10.05,4,11,1,0,0,0,0,0,0,,,,
8470610,Zach Parise,Parise,Zach,LW,MIN,None,42,15,9,0,14,17.08,119,26,37,3,0,0,0,0,0,,,,
8470611,Eric Fehr,Fehr,Eric,C,"TOR, SJS",None,18,3,1,6,2,11.78,27,24,14,0,0,0,0,0,0,,,,
8470612,Ryan Getzlaf,Getzlaf,Ryan,C,ANA,None,56,11,50,20,42,21.43,117,96,57,13,2,0,0,0,0,,,,
8474709,Matt Martin,Martin,Matt,LW,TOR,None,50,3,9,0,50,7.99,46,147,9,0,0,0,0,0,0,,,,
8470616,Ryan Kesler,Kesler,Ryan,C,ANA,None,44,8,6,-4,46,18.03,78,71,38,2,0,0,0,0,0,,,,
8470619,Brian Boyle,Boyle,Brian,C,NJD,None,69,13,10,-9,45,13.29,120,126,26,7,0,0,0,0,0,,,,
8474716,Jared Spurgeon,Spurgeon,Jared,D,MIN,None,61,9,28,-6,8,24.55,110,64,127,13,0,0,0,0,0,,,,
8474717,Mark Barberio,Barberio,Mark,D,COL,None,46,3,10,6,31,17.28,52,26,62,1,2,0,0,0,0,,,,
8470622,Patrick Eaves,Eaves,Patrick,RW,ANA,None,2,1,0,0,0,16.46,3,5,1,0,0,0,0,0,0,,,,
8468575,Dominic Moore,Moore,Dominic,C,TOR,None,50,6,6,3,16,10.30,46,41,19,0,1,0,0,0,0,,,,
8470626,Loui Eriksson,Eriksson,Loui,LW,VAN,None,50,10,13,0,4,16.27,101,7,30,3,2,0,0,0,0,,,,
8475323,Marcus Kruger,Kruger,Marcus,C,CAR,None,48,1,5,-6,28,10.84,30,56,16,0,0,0,0,0,0,,,,
8479420,Tage Thompson,Thompson,Tage,C,STL,None,41,3,6,-12,12,11.92,55,39,9,1,0,0,0,0,0,,,,
8476779,Brad Hunt,Hunt,Brad,D,VGK,None,45,3,15,-5,6,16.65,80,19,36,12,0,0,0,0,0,,,,
8474642,Lance Bouma,Bouma,Lance,LW,CHI,None,53,3,6,1,36,10.65,56,132,27,1,0,0,0,0,0,,,,
8470638,Patrice Bergeron,Bergeron,Patrice,C,BOS,None,64,30,33,21,26,19.44,224,48,42,21,3,0,0,0,0,,,,
8478397,Rasmus Andersson,Andersson,Rasmus,D,CGY,None,10,0,0,-1,4,15.44,8,2,10,0,0,0,0,0,0,,,,
8474736,Zac Rinaldo,Rinaldo,Zac,LW/C,ARI,None,53,5,2,-7,44,11.28,56,188,23,0,0,0,0,0,0,,,,
8470642,Shea Weber,Weber,Shea,D,MTL,None,26,6,10,-8,14,25.35,75,66,59,5,1,0,0,0,0,,,,
8474739,Tommy Wingels,Wingels,Tommy,RW/C,"CHI, BOS",None,75,9,8,-11,45,11.49,86,179,41,1,2,0,0,0,0,,,,
8477948,Travis Sanheim,Sanheim,Travis,D,PHI,None,49,2,8,-6,20,15.58,72,27,35,0,0,0,0,0,0,,,,
8474743,Zach Redmond,Redmond,Zach,D,BUF,None,3,0,0,1,2,14.48,7,4,2,0,0,0,0,0,0,,,,
8476792,Torey Krug,Krug,Torey,D,BOS,None,76,14,45,0,36,20.40,197,79,73,24,1,0,0,0,0,,,,
8478842,Andrei Mironov,Mironov,Andrei,D,COL,None,10,1,2,2,12,11.05,3,19,16,0,0,0,0,0,0,,,,
8478843,Denis Malgin,Malgin,Denis,C,FLA,None,51,11,11,4,6,13.85,79,48,24,6,0,0,0,0,0,,,,
8474749,Matt Bartkowski,Bartkowski,Matt,D,CGY,None,18,0,3,-3,4,13.35,21,31,13,0,0,0,0,0,0,,,,
8478846,Christian Wolanin,Wolanin,Christian,D,OTT,None,10,1,2,-4,0,14.65,14,5,5,0,0,0,0,0,0,,,,
8470655,David Backes,Backes,David,RW,BOS,None,57,14,19,2,53,15.40,160,137,25,6,1,0,0,0,0,,,,
8468611,Matt Hendricks,Hendricks,Matt,LW/C,WPG,None,60,5,8,-1,39,9.42,56,123,42,0,0,0,0,0,0,,,,
8476806,J.T. Brown,Brown,J.T.,RW,"TBL, ANA",None,47,2,5,-5,24,9.07,40,71,23,0,0,0,0,0,0,,,,
8476807,Matt Tennyson,Tennyson,Matt,D,BUF,None,15,0,0,-8,8,17.97,25,13,11,0,0,0,0,0,0,,,,
8478866,Dominik Simon,Simon,Dominik,C,PIT,None,33,4,8,2,16,11.42,36,37,18,0,0,0,0,0,0,,,,
8478868,Christian Jaros,Jaros,Christian,D,OTT,None,2,0,0,0,0,7.97,0,4,0,0,0,0,0,0,0,,,,
8476822,Luke Glendening,Glendening,Luke,RW,DET,None,69,11,8,-14,17,13.20,88,137,83,1,3,0,0,0,0,,,,
8478873,Troy Terry,Terry,Troy,RW,ANA,None,2,0,0,0,0,10.21,3,0,2,0,0,0,0,0,0,,,,
8476826,Yanni Gourde,Gourde,Yanni,C,TBL,None,82,25,39,34,50,16.16,136,57,42,13,2,0,0,0,0,,,,
8478063,Shane Gersich,Gersich,Shane,LW,WSH,None,3,0,1,-1,0,9.02,4,0,2,0,0,0,0,0,0,,,,
8480727,Zach Whitecloud,Whitecloud,Zach,D,VGK,None,1,0,0,3,0,16.70,0,0,1,0,0,0,0,0,0,,,,
8471676,Bobby Ryan,Ryan,Bobby,RW,OTT,None,62,11,22,-12,14,16.44,112,97,52,4,0,0,0,0,0,,,,
8476850,Ryan Murray,Murray,Ryan,D,CBJ,None,44,1,11,4,8,18.44,34,31,75,0,0,0,0,0,0,,,,
8476851,Alex Galchenyuk,Galchenyuk,Alex,LW,MTL,None,82,19,32,-31,22,16.23,213,33,37,24,0,0,0,0,0,,,,
8476853,Morgan Rielly,Rielly,Morgan,D,TOR,None,76,6,46,-4,14,21.60,182,48,84,25,0,0,0,0,0,,,,
8476854,Hampus Lindholm,Lindholm,Hampus,D,ANA,None,69,13,18,16,34,22.74,131,93,97,8,0,0,0,0,0,,,,
8476855,Nail Yakupov,Yakupov,Nail,RW,COL,None,58,9,7,2,26,10.84,94,60,9,4,0,0,0,0,0,,,,
8476856,Mathew Dumba,Dumba,Matt,D,MIN,None,82,14,36,15,41,23.81,176,136,112,12,1,0,0,0,0,,,,
8476857,Pontus Aberg,Aberg,Pontus,LW,"NSH, EDM",None,53,4,12,9,10,12.17,70,24,8,1,0,0,0,0,0,,,,
8476858,Phillip Di Giuseppe,Di Giuseppe,Phillip,LW,CAR,None,49,5,8,0,17,10.50,64,88,14,0,0,0,0,0,0,,,,
8474818,Jordie Benn,Benn,Jordie,D,MTL,None,77,4,11,-2,34,18.97,106,90,153,0,0,0,0,0,0,,,,
8478915,Sami Niku,Niku,Sami,D,WPG,None,1,1,0,0,0,15.22,2,0,3,0,0,0,0,0,0,,,,
8470724,Kyle Quincey,Quincey,Kyle,D,MIN,None,18,0,3,-4,28,14.28,11,21,18,0,0,0,0,0,0,,,,
8476869,Brady Skjei,Skjei,Brady,D,NYR,None,82,4,21,-27,39,21.03,153,127,119,6,1,0,0,0,0,,,,
8476870,Stefan Matteau,Matteau,Stefan,C,VGK,None,8,0,1,0,0,8.20,8,8,1,0,0,0,0,0,0,,,,
8476871,Tanner Pearson,Pearson,Tanner,LW,LAK,None,82,15,25,11,27,15.97,180,116,36,5,0,0,0,0,0,,,,
8476872,Scott Laughton,Laughton,Scott,C,PHI,None,81,10,10,-10,42,11.12,108,126,27,0,1,0,0,0,0,,,,
8476873,Mark Jankowski,Jankowski,Mark,C,CGY,None,72,17,8,-7,33,13.36,118,35,51,3,2,0,0,0,0,,,,
8476874,Olli Maatta,Maatta,Olli,D,PIT,None,82,7,22,-1,28,18.76,164,131,115,8,0,0,0,0,0,,,,
8476875,Mike Matheson,Matheson,Mike,D,FLA,None,81,10,17,-1,61,21.34,167,53,137,4,1,0,0,0,0,,,,
8476877,Jordan Schmaltz,Schmaltz,Jordan,D,STL,None,13,0,1,0,6,10.97,5,4,12,0,0,0,0,0,0,,,,
8476878,Zemgus Girgensons,Girgensons,Zemgus,C,BUF,None,71,7,8,-12,26,13.71,113,134,32,0,2,0,0,0,0,,,,
8476879,Cody Ceci,Ceci,Cody,D,OTT,None,82,5,14,-27,12,23.34,143,163,171,5,0,0,0,0,0,,,,
8476880,Tom Wilson,Wilson,Tom,RW,WSH,None,78,14,21,10,187,15.99,123,250,51,1,1,0,0,0,0,,,,
8476881,Tomas Hertl,Hertl,Tomas,C,SJS,None,79,22,24,-2,41,18.10,175,84,71,12,3,0,0,0,0,,,,
8476882,Teuvo Teravainen,Teravainen,Teuvo,LW,CAR,None,82,23,41,8,14,16.89,185,26,22,20,0,0,0,0,0,,,,
8476884,Derrick Pouliot,Pouliot,Derrick,D,VAN,None,71,3,19,-22,39,17.85,78,79,118,9,1,0,0,0,0,,,,
8476885,Jacob Trouba,Trouba,Jacob,D,WPG,None,55,3,21,9,34,21.90,144,84,100,3,1,0,0,0,0,,,,
8476886,Slater Koekkoek,Koekkoek,Slater,D,TBL,None,35,4,4,4,18,11.24,43,36,24,0,0,0,0,0,0,,,,
8476887,Filip Forsberg,Forsberg,Filip,LW,NSH,None,67,26,38,27,38,17.47,179,86,37,21,1,0,0,0,0,,,,
8476889,Radek Faksa,Faksa,Radek,C,DAL,None,79,17,16,21,36,15.27,119,101,56,0,2,0,0,0,0,,,,
8476890,Patrick Sieloff,Sieloff,Patrick,D,OTT,None,1,1,0,-2,0,11.18,3,1,1,0,0,0,0,0,0,,,,
8476891,Matt Grzelcyk,Grzelcyk,Matt,D,BOS,None,61,3,12,21,22,16.74,82,45,42,2,0,0,0,0,0,,,,
8476892,Colton Parayko,Parayko,Colton,D,STL,None,82,6,29,-7,13,22.61,212,120,141,9,0,0,0,0,0,,,,
8476894,Brendan Leipsic,Leipsic,Brendan,LW,"VGK, VAN",None,58,5,17,-4,14,13.14,95,32,22,0,0,0,0,0,0,,,,
8476897,Oskar Sundqvist,Sundqvist,Oskar,C,STL,None,42,1,4,-5,14,10.48,41,47,14,0,0,0,0,0,0,,,,
8470755,Brad Richardson,Richardson,Brad,C,ARI,None,76,3,12,-24,45,14.77,105,72,52,0,0,0,0,0,0,,,,
8476902,Esa Lindell,Lindell,Esa,D,DAL,None,80,7,20,19,24,22.08,137,92,123,8,0,0,0,0,0,,,,
8470760,Marc Methot,Methot,Marc,D,DAL,None,36,1,2,11,31,17.88,25,77,52,0,0,0,0,0,0,,,,
8476905,Chandler Stephenson,Stephenson,Chandler,C,WSH,None,67,6,12,13,8,11.87,36,26,33,0,0,0,0,0,0,,,,
8476906,Shayne Gostisbehere,Gostisbehere,Shayne,D,PHI,None,78,13,52,10,25,21.46,221,53,116,33,0,0,0,0,0,,,,
8476913,Devin Shore,Shore,Devin,C,DAL,None,82,11,21,-30,14,15.43,123,71,57,11,2,0,0,0,0,,,,
8476915,Jujhar Khaira,Khaira,Jujhar,LW,EDM,None,69,11,10,-7,47,12.71,73,128,39,1,2,0,0,0,0,,,,
8476917,Adam Pelech,Pelech,Adam,D,NYI,None,78,3,16,7,28,19.27,106,100,142,2,1,0,0,0,0,,,,
8476918,Jimmy Vesey,Vesey,Jimmy,LW,NYR,None,79,17,11,-18,20,14.33,136,83,34,3,0,0,0,0,0,,,,
8470775,Nate Thompson,Thompson,Nate,C,"OTT, LAK",None,69,5,12,-1,20,12.77,53,122,39,0,1,0,0,0,0,,,,
8476921,Jordan Martinook,Martinook,Jordan,LW,ARI,None,81,6,9,-24,45,14.01,112,128,42,0,1,0,0,0,0,,,,
8476922,Boo Nieves,Nieves,Boo,C,NYR,None,28,1,8,6,12,10.20,23,30,19,0,0,0,0,0,0,,,,
8476923,Damon Severson,Severson,Damon,D,NJD,None,76,9,15,-8,42,19.68,121,107,62,4,0,0,0,0,0,,,,
8476924,Martin Frk,Frk,Martin,RW,DET,None,68,11,14,-14,14,10.29,100,77,10,9,0,0,0,0,0,,,,
8476925,Colton Sissons,Sissons,Colton,C,NSH,None,81,9,18,2,42,16.09,120,136,49,7,3,0,0,0,0,,,,
8476931,Jake McCabe,McCabe,Jake,D,BUF,None,53,3,9,-11,26,19.50,53,110,79,1,0,0,0,0,0,,,,
8474884,Mike Hoffman,Hoffman,Mike,LW,OTT,None,82,22,34,-20,32,18.41,257,31,34,21,0,0,0,0,0,,,,
8476934,Brock McGinn,McGinn,Brock,LW,CAR,None,80,16,14,-12,22,14.50,160,137,17,3,1,0,0,0,0,,,,
8475907,Micheal Ferland,Ferland,Micheal,LW,CGY,None,77,21,20,5,24,15.02,144,171,30,6,0,0,0,0,0,,,,
8470794,Joe Pavelski,Pavelski,Joe,C,SJS,None,82,22,44,0,41,19.26,224,93,70,23,0,0,0,0,0,,,,
8476941,Connor Carrick,Carrick,Connor,D,TOR,None,47,4,8,5,27,15.13,55,42,53,2,0,0,0,0,0,,,,
8470803,Kyle Brodziak,Brodziak,Kyle,C,STL,None,81,10,23,13,33,13.46,113,83,55,0,3,0,0,0,0,,,,
8476948,Charles Hudon,Hudon,Charles,LW,MTL,None,72,10,20,-12,38,14.03,179,126,38,8,1,0,0,0,0,,,,
8476952,Dominic Toninato,Toninato,Dominic,C,COL,None,37,0,2,0,12,7.90,25,24,14,0,0,0,0,0,0,,,,
8476953,Trevor Carrick,Carrick,Trevor,D,CAR,None,1,0,0,0,2,7.53,1,0,0,0,0,0,0,0,0,,,,
8476955,Taylor Leier,Leier,Taylor,LW,PHI,None,39,1,4,-7,6,10.49,48,10,19,0,0,0,0,0,0,,,,
8476958,Jaccob Slavin,Slavin,Jaccob,D,CAR,None,82,8,22,1,10,22.59,154,47,154,2,0,0,0,0,0,,,,
8476960,Andreas Athanasiou,Athanasiou,Andreas,LW,DET,None,71,16,17,-15,16,15.31,170,24,28,3,0,0,0,0,0,,,,
8466139,Patrick Marleau,Marleau,Patrick,LW/C,TOR,None,82,27,20,1,16,16.99,204,85,26,9,0,0,0,0,0,,,,
8476966,Gemel Smith,Smith,Gemel,C,DAL,None,46,6,5,5,17,9.43,42,33,13,0,0,0,0,0,0,,,,
8476967,Brett Kulak,Kulak,Brett,D,CGY,None,71,2,6,-3,27,12.99,73,45,49,0,0,0,0,0,0,,,,
8477404,Jake Guentzel,Guentzel,Jake,C,PIT,None,82,22,26,-9,42,16.49,171,142,46,12,0,0,0,0,0,,,,
8476971,Kevin Roy,Roy,Kevin,LW,ANA,None,25,6,1,3,6,13.65,26,11,7,1,0,0,0,0,0,,,,
8470828,Toby Enstrom,Enstrom,Toby,D,WPG,None,43,1,5,8,20,17.03,31,20,51,0,0,0,0,0,0,,,,
8476975,Cedric Paquette,Paquette,Cedric,C,TBL,None,56,5,4,-5,41,10.20,64,112,32,1,0,0,0,0,0,,,,
8470834,Dustin Byfuglien,Byfuglien,Dustin,D,WPG,None,69,8,37,15,112,24.34,193,147,100,22,1,0,0,0,0,,,,
8476979,Erik Gustafsson,Gustafsson,Erik,D,CHI,None,35,5,11,1,6,18.56,71,30,45,4,0,0,0,0,0,,,,
8471262,Carl Soderberg,Soderberg,Carl,C,COL,None,77,16,21,0,26,17.35,150,71,64,5,1,0,0,0,0,,,,
8476982,Daniel O'Regan,O'Regan,Danny,C,"SJS, BUF",None,21,0,4,-2,2,9.97,17,5,6,1,0,0,0,0,0,,,,
8476983,Paul Ladue,LaDue,Paul,D,LAK,None,12,3,1,5,6,13.97,13,12,11,1,0,0,0,0,0,,,,
8471817,Ryan Reaves,Reaves,Ryan,RW,"PIT, VGK",None,79,4,6,-7,94,7.60,42,236,27,0,0,0,0,0,0,,,,
8476994,Vinnie Hinostroza,Hinostroza,Vinnie,LW,CHI,None,50,7,18,5,10,13.82,86,26,17,5,0,0,0,0,0,,,,
8470852,Matt Moulson,Moulson,Matt,LW,BUF,None,14,0,0,-9,2,10.29,13,8,8,0,0,0,0,0,0,,,,
8470854,Tanner Glass,Glass,Tanner,LW,CGY,None,16,0,0,-4,19,9.38,14,35,7,0,0,0,0,0,0,,,,
8477955,Jared McCann,McCann,Jared,C,FLA,None,68,9,19,11,30,13.26,143,43,32,1,1,0,0,0,0,,,,
8468535,Antoine Vermette,Vermette,Antoine,C,ANA,None,64,8,8,-5,34,13.75,91,38,40,2,1,0,0,0,0,,,,
8471266,David Booth,Booth,David,LW,DET,None,28,4,1,-5,10,6.97,33,23,7,1,0,0,0,0,0,,,,
8477006,Christoph Bertschy,Bertschy,Christoph,C,MIN,None,1,0,0,1,4,5.38,0,0,0,0,0,0,0,0,0,,,,
8477009,Jake Dotchin,Dotchin,Jake,D,TBL,None,48,3,8,17,38,16.48,48,95,61,0,1,0,0,0,0,,,,
8477010,Joseph Blandisi,Blandisi,Joseph,LW/C,ANA,None,3,0,0,2,2,11.68,4,2,2,0,0,0,0,0,0,,,,
8477015,Connor Brown,Brown,Connor,RW,TOR,None,82,14,14,0,18,15.01,119,23,28,2,1,0,0,0,0,,,,
8477018,Ben Hutton,Hutton,Ben,D,VAN,None,61,0,6,-9,23,18.41,103,40,68,2,1,0,0,0,0,,,,
8477021,Alexander Kerfoot,Kerfoot,Alexander,C,COL,None,79,19,24,-7,28,13.44,82,42,35,17,0,0,0,0,0,,,,
8477413,Sven Andrighetto,Andrighetto,Sven,RW,COL,None,50,8,14,-15,10,14.49,111,38,18,9,0,0,0,0,0,,,,
8474000,Steven Kampfer,Kampfer,Steven,D,NYR,None,22,0,1,-7,20,17.25,31,46,41,0,0,0,0,0,0,,,,
8470318,Jonathan Ericsson,Ericsson,Jonathan,D,DET,None,81,3,10,-7,47,19.31,86,133,84,0,1,0,0,0,0,,,,
8477034,Jaycob Megna,Megna,Jaycob,D,ANA,None,14,0,1,-4,2,15.71,7,6,30,0,0,0,0,0,0,,,,
8476392,Adam Lowry,Lowry,Adam,C,WPG,None,45,8,13,9,8,14.89,70,124,28,2,0,0,0,0,0,,,,
8477043,Christian Djoos,Djoos,Christian,D,WSH,None,63,3,11,13,10,14.03,60,22,55,0,0,0,0,0,0,,,,
8477046,Joakim Ryan,Ryan,Joakim,D,SJS,None,62,3,9,13,8,16.75,79,33,98,0,1,0,0,0,0,,,,
8471273,Brandon Dubinsky,Dubinsky,Brandon,C,CBJ,None,62,6,10,-2,33,15.34,89,145,47,1,2,0,0,0,0,,,,
8464989,Matt Cullen,Cullen,Matt,C,MIN,None,79,11,11,-1,20,11.89,104,14,42,1,0,0,0,0,0,,,,
8476866,Nicolas Kerdiles,Kerdiles,Nicolas,LW,ANA,None,2,0,0,0,0,3.75,0,1,0,0,0,0,0,0,0,,,,
8476396,Steven Fogarty,Fogarty,Steven,C,NYR,None,1,0,0,0,2,12.27,1,2,0,0,0,0,0,0,0,,,,
8477070,Liam O'Brien,O'Brien,Liam,C,WSH,None,3,0,0,0,5,6.92,1,4,0,0,0,0,0,0,0,,,,
8476397,Keegan Lowe,Lowe,Keegan,D,EDM,None,2,0,0,-1,0,13.90,4,1,1,0,0,0,0,0,0,,,,
8477073,Kurtis MacDermid,MacDermid,Kurtis,D,LAK,None,34,1,3,-4,57,11.60,19,77,27,0,0,0,0,0,0,,,,
8480153,Victor Ejdsell,Ejdsell,Victor,C,CHI,None,6,0,1,-1,0,13.32,7,6,6,0,0,0,0,0,0,,,,
8476399,Blake Coleman,Coleman,Blake,C,NJD,None,79,13,12,7,50,14.40,146,216,57,0,3,0,0,0,0,,,,
8477085,Ashton Sautner,Sautner,Ashton,D,VAN,None,5,0,2,4,2,13.36,3,9,5,0,0,0,0,0,0,,,,
8476400,Logan Shaw,Shaw,Logan,RW,"ANA, MTL",None,72,4,10,-6,12,11.88,105,110,46,0,1,0,0,0,0,,,,
8470257,Alex Steen,Steen,Alexander,LW,STL,None,76,15,31,-11,20,18.69,168,53,58,14,1,0,0,0,0,,,,
8480157,Calle Rosen,Rosen,Calle,D,TOR,None,4,0,1,-3,4,12.79,5,1,0,0,0,0,0,0,0,,,,
8478451,Ethan Bear,Bear,Ethan,D,EDM,None,18,1,3,-11,10,18.63,20,14,28,2,0,0,0,0,0,,,,
8470966,Mark Giordano,Giordano,Mark,D,CGY,None,82,13,25,0,63,24.79,214,93,161,10,1,0,0,0,0,,,,
8474697,Mark Borowiecki,Borowiecki,Mark,D,OTT,None,52,3,8,-6,64,14.64,66,226,81,0,0,0,0,0,0,,,,
8471284,Andrej Sekera,Sekera,Andrej,D,EDM,None,36,0,8,-15,6,16.33,36,27,42,2,0,0,0,0,0,,,,
8478454,Noah Juulsen,Juulsen,Noah,D,MTL,None,23,1,2,1,4,19.42,33,58,34,0,0,0,0,0,0,,,,
8477126,Jayson Megna,Megna,Jayson,C,VAN,None,1,0,0,0,0,4.30,0,0,0,0,0,0,0,0,0,,,,
8474618,Marco Scandella,Scandella,Marco,D,BUF,None,82,5,17,-15,37,23.32,138,91,114,4,1,0,0,0,0,,,,
8467875,Daniel Sedin,Sedin,Daniel,LW,VAN,None,81,23,32,-21,40,15.27,189,38,2,23,0,0,0,0,0,,,,
8467876,Henrik Sedin,Sedin,Henrik,C,VAN,None,82,3,47,-22,30,15.55,67,18,19,17,0,0,0,0,0,,,,
8475098,Tyler Bozak,Bozak,Tyler,C,TOR,None,81,11,32,6,28,15.64,154,43,28,13,0,0,0,0,0,,,,
8476410,Josh Leivo,Leivo,Josh,LW,TOR,None,16,1,3,0,6,10.57,25,2,5,0,0,0,0,0,0,,,,
8478233,Andrew Mangiapane,Mangiapane,Andrew,LW,CGY,None,10,0,0,-3,2,8.93,7,9,4,0,0,0,0,0,0,,,,
8479206,Tanner Fritz,Fritz,Tanner,C,NYI,None,34,3,4,-3,8,12.52,27,59,26,0,0,0,0,0,0,,,,
8471976,David Desharnais,Desharnais,David,C,NYR,None,71,6,22,-22,18,13.06,55,22,36,7,0,0,0,0,0,,,,
8478463,Anthony Beauvillier,Beauvillier,Anthony,LW/C,NYI,None,71,21,15,2,16,14.53,132,80,29,8,0,0,0,0,0,,,,
8470613,Brent Burns,Burns,Brent,D,SJS,None,82,12,55,-16,46,25.24,332,79,136,27,1,0,0,0,0,,,,
8470187,Johnny Boychuk,Boychuk,Johnny,D,NYI,None,58,6,12,-8,30,20.19,141,114,112,2,0,0,0,0,0,,,,
8475147,Jordan Schroeder,Schroeder,Jordan,LW,CBJ,None,21,1,1,-4,4,7.48,20,14,2,0,0,0,0,0,0,,,,
8475149,Marcus Johansson,Johansson,Marcus,LW,NJD,None,29,5,9,-11,14,15.99,42,8,9,3,0,0,0,0,0,,,,
8475151,Kyle Palmieri,Palmieri,Kyle,RW,NJD,None,62,24,20,-1,30,17.31,182,94,50,23,0,0,0,0,0,,,,
8479250,Nick Lappin,Lappin,Nick,RW,NJD,None,6,1,0,2,4,9.76,7,8,2,0,0,0,0,0,0,,,,
8475157,Landon Ferraro,Ferraro,Landon,C,MIN,None,2,1,0,1,0,4.42,3,1,0,0,0,0,0,0,0,,,,
8475158,Ryan O'Reilly,O'Reilly,Ryan,C,BUF,None,81,24,37,-23,2,20.82,230,42,48,23,4,0,0,0,0,,,,
8470324,Josh Gorges,Gorges,Josh,D,BUF,None,34,0,2,-4,17,14.94,15,69,54,0,0,0,0,0,0,,,,
8475160,Kyle Clifford,Clifford,Kyle,LW,LAK,None,50,6,4,-4,48,10.55,81,127,8,0,0,0,0,0,0,,,,
8475163,Alex Chiasson,Chiasson,Alex,RW,WSH,None,61,9,9,1,26,11.77,59,57,29,1,3,0,0,0,0,,,,
8475164,Jakob Silfverberg,Silfverberg,Jakob,RW,ANA,None,77,17,23,6,18,17.96,187,52,61,8,2,0,0,0,0,,,,
8477213,Tim Schaller,Schaller,Tim,C,BOS,None,82,12,10,-5,42,13.28,133,132,59,0,3,0,0,0,0,,,,
8475166,John Tavares,Tavares,John,C,NYI,None,82,37,47,-12,26,19.93,258,30,34,30,3,0,0,0,0,,,,
8477215,Danny DeKeyser,DeKeyser,Danny,D,DET,None,65,6,6,2,28,20.32,65,76,125,0,0,0,0,0,0,,,,
8468483,Marian Gaborik,Gaborik,Marian,RW,"LAK, OTT",None,46,11,10,2,24,13.97,80,12,9,6,0,0,0,0,0,,,,
8475169,Evander Kane,Kane,Evander,LW,"BUF, SJS",None,78,29,25,-9,82,19.58,308,159,34,9,4,0,0,0,0,,,,
8475170,Brayden Schenn,Schenn,Brayden,C,STL,None,82,28,42,10,56,19.73,210,154,37,19,0,0,0,0,0,,,,
8474715,Cam Atkinson,Atkinson,Cam,RW,CBJ,None,65,24,22,19,14,18.90,231,32,29,10,1,0,0,0,0,,,,
8479268,Casey Nelson,Nelson,Casey,D,BUF,None,37,3,5,-14,8,18.78,48,31,37,0,2,0,0,0,0,,,,
8475175,Magnus Paajarvi,Paajarvi,Magnus,LW,"STL, OTT",None,79,8,4,-11,12,12.45,126,104,42,0,0,0,0,0,0,,,,
8475176,Ryan Ellis,Ellis,Ryan,D,NSH,None,44,9,23,26,6,23.36,110,27,84,5,3,0,0,0,0,,,,
8475177,Calvin de Haan,de Haan,Calvin,D,NYI,None,33,1,11,11,8,18.75,44,45,65,0,0,0,0,0,0,,,,
8475178,Zack Kassian,Kassian,Zack,RW,EDM,None,74,7,12,-8,92,11.67,86,129,9,1,2,0,0,0,0,,,,
8477417,Peter Cehlarik,Cehlarik,Peter,LW,BOS,None,6,1,1,2,2,13.93,3,3,3,0,0,0,0,0,0,,,,
8478099,Kevin Labanc,Labanc,Kevin,RW,SJS,None,77,11,29,-6,32,14.35,156,31,23,17,0,0,0,0,0,,,,
8475181,Nick Leddy,Leddy,Nick,D,NYI,None,80,10,32,-42,20,22.42,153,95,104,14,0,0,0,0,0,,,,
8470621,Corey Perry,Perry,Corey,RW,ANA,None,71,17,32,-4,71,17.78,169,59,36,11,0,0,0,0,0,,,,
8475184,Chris Kreider,Kreider,Chris,LW,NYR,None,58,16,21,-2,44,15.62,137,103,24,12,0,0,0,0,0,,,,
8475185,Jacob Josefson,Josefson,Jacob,C,BUF,None,39,2,2,-4,6,11.38,35,26,33,0,0,0,0,0,0,,,,
8475186,John Moore,Moore,John,D,NJD,None,81,7,11,3,47,20.01,141,135,105,2,1,0,0,0,0,,,,
8475188,Brayden McNabb,McNabb,Brayden,D,VGK,None,76,5,10,26,52,20.15,88,225,176,0,0,0,0,0,0,,,,
8475191,Reilly Smith,Smith,Reilly,RW,VGK,None,67,22,38,31,24,17.92,162,40,24,14,2,0,0,0,0,,,,
8477240,Carter Rowney,Rowney,Carter,RW,PIT,None,44,2,3,-13,4,9.35,21,74,24,0,1,0,0,0,0,,,,
8475193,Tomas Tatar,Tatar,Tomas,LW,"DET, VGK",None,82,20,14,-19,34,16.27,174,67,29,13,0,0,0,0,0,,,,
8479290,Kalle Kossila,Kossila,Kalle,LW/C,ANA,None,10,1,1,-4,0,9.09,9,7,4,0,0,0,0,0,0,,,,
8479291,Kevin Rooney,Rooney,Kevin,C,NJD,None,1,0,0,0,0,11.77,3,2,0,0,0,0,0,0,0,,,,
8477244,Chad Ruhwedel,Ruhwedel,Chad,D,PIT,None,44,2,3,-8,16,15.73,67,67,43,0,0,0,0,0,0,,,,
8479293,Brandon Tanev,Tanev,Brandon,LW,WPG,None,61,8,10,13,18,12.66,79,188,56,0,3,0,0,0,0,,,,
8475200,Dmitry Orlov,Orlov,Dmitry,D,WSH,None,82,10,21,10,22,23.13,125,128,116,4,0,0,0,0,0,,,,
8474008,Paul Carey,Carey,Paul,C,NYR,None,60,7,7,-13,20,10.26,51,67,22,1,1,0,0,0,0,,,,
8475204,Brandon Pirri,Pirri,Brandon,RW/C,VGK,None,2,3,0,3,0,17.62,11,2,0,0,0,0,0,0,0,,,,
8475208,Brian Dumoulin,Dumoulin,Brian,D,PIT,None,80,5,13,-5,30,20.62,102,101,132,0,0,0,0,0,0,,,,
8475209,Richard Panik,Panik,Richard,RW,"CHI, ARI",None,72,14,21,7,38,15.20,136,137,37,6,0,0,0,0,0,,,,
8474722,Luke Witkowski,Witkowski,Luke,RW,DET,None,31,1,3,-1,68,6.89,16,57,11,0,0,0,0,0,0,,,,
8479314,Matthew Tkachuk,Tkachuk,Matthew,LW,CGY,None,68,24,25,-1,61,17.25,188,80,16,17,0,0,0,0,0,,,,
8475220,Marcus Foligno,Foligno,Marcus,LW,MIN,None,77,8,15,2,72,10.86,79,185,44,2,0,0,0,0,0,,,,
8479318,Auston Matthews,Matthews,Auston,C,TOR,None,62,34,29,25,12,18.13,187,16,61,13,0,0,0,0,0,,,,
8475168,Matt Duchene,Duchene,Matt,C,"COL, OTT",None,82,27,32,-22,18,18.33,190,60,49,13,0,0,0,0,0,,,,
8475224,Jordan Szwarz,Szwarz,Jordan,RW,BOS,None,12,0,3,-4,2,11.51,19,9,8,1,0,0,0,0,0,,,,
8475225,Craig Smith,Smith,Craig,RW,NSH,None,79,25,26,20,24,15.38,229,60,35,14,0,0,0,0,0,,,,
8475227,Chris Wideman,Wideman,Chris,D,OTT,None,16,3,5,5,6,11.56,24,17,9,2,0,0,0,0,0,,,,
8479325,Charlie McAvoy,McAvoy,Charlie,D,BOS,None,63,7,25,20,53,22.15,77,133,80,7,0,0,0,0,0,,,,
8475231,Casey Cizikas,Cizikas,Casey,C,NYI,None,64,7,10,-12,23,13.22,74,128,53,0,1,0,0,0,0,,,,
8475233,David Savard,Savard,David,D,CBJ,None,81,4,12,2,32,19.38,145,144,143,0,1,0,0,0,0,,,,
8475235,Nicolas Deslauriers,Deslauriers,Nicolas,LW,MTL,None,58,10,4,7,55,11.59,77,238,30,0,1,0,0,0,0,,,,
8475236,Cody Eakin,Eakin,Cody,C,VGK,None,80,11,16,-6,22,14.54,107,63,45,0,3,0,0,0,0,,,,
8479337,Alex DeBrincat,DeBrincat,Alex,RW,CHI,None,82,28,24,6,6,14.80,181,40,25,12,0,0,0,0,0,,,,
8477290,Michael Raffl,Raffl,Michael,LW,PHI,None,76,13,9,9,28,13.25,96,90,50,1,0,0,0,0,0,,,,
8479339,Patrik Laine,Laine,Patrik,RW,WPG,None,82,44,26,8,24,16.48,241,74,43,31,0,0,0,0,0,,,,
8475246,Kevin Connauton,Connauton,Kevin,D,ARI,None,73,11,10,3,20,15.18,102,116,72,0,0,0,0,0,0,,,,
8479343,Clayton Keller,Keller,Clayton,LW/C,ARI,None,82,23,42,-7,24,18.09,212,7,28,20,1,0,0,0,0,,,,
8479344,Jesse Puljujarvi,Puljujarvi,Jesse,RW,EDM,None,65,12,8,-1,14,13.37,136,67,23,2,0,0,0,0,0,,,,
8465009,Zdeno Chara,Chara,Zdeno,D,BOS,None,73,7,17,22,60,22.90,144,141,118,0,1,0,0,0,0,,,,
8475254,Gabriel Dumont,Dumont,Gabriel,C,"TBL, OTT",None,30,1,1,1,6,9.04,38,62,16,0,0,0,0,0,0,,,,
8475753,Justin Faulk,Faulk,Justin,D,CAR,None,76,8,23,-26,48,22.27,211,128,90,19,0,0,0,0,0,,,,
8475263,Wade Megan,Megan,Wade,C,STL,None,1,0,0,0,0,8.35,1,0,0,0,0,0,0,0,0,,,,
8475268,Gabriel Bourque,Bourque,Gabriel,LW,COL,None,58,5,6,-6,12,10.90,44,123,59,0,0,0,0,0,0,,,,
8479366,Logan Brown,Brown,Logan,C,OTT,None,4,0,1,0,0,8.13,4,1,1,0,0,0,0,0,0,,,,
8477320,Anton Blidh,Blidh,Anton,LW,BOS,None,1,0,0,0,0,10.38,0,3,0,0,0,0,0,0,0,,,,
8479370,Tyson Jost,Jost,Tyson,C,COL,None,65,12,10,-10,26,14.63,113,33,26,8,0,0,0,0,0,,,,
8479511,Janne Kuokkanen,Kuokkanen,Janne,C,CAR,None,4,0,0,-3,0,11.06,6,1,1,0,0,0,0,0,0,,,,
8475278,Byron Froese,Froese,Byron,C,MTL,None,48,3,8,0,26,11.58,49,54,42,0,0,0,0,0,0,,,,
8475279,Ben Chiarot,Chiarot,Ben,D,WPG,None,57,2,12,15,32,15.28,57,105,75,0,0,0,0,0,0,,,,
8479376,Victor Mete,Mete,Victor,D,MTL,None,49,0,7,5,4,15.59,43,1,71,4,0,0,0,0,0,,,,
8476440,Markus Granlund,Granlund,Markus,C,VAN,None,53,8,4,-10,8,16.26,93,47,12,3,2,0,0,0,0,,,,
8475287,Erik Haula,Haula,Erik,LW,VGK,None,76,29,26,-16,37,17.37,175,85,42,19,0,0,0,0,0,,,,
8477337,John Gilmour,Gilmour,John,D,NYR,None,28,2,3,-11,14,17.18,61,27,27,1,0,0,0,0,0,,,,
8471215,Evgeni Malkin,Malkin,Evgeni,C,PIT,None,78,42,56,16,87,18.99,239,48,32,38,0,0,0,0,0,,,,
8478512,Austin Czarnik,Czarnik,Austin,C,BOS,None,10,0,4,-1,0,10.91,7,4,0,1,0,0,0,0,0,,,,
8477346,MacKenzie Weegar,Weegar,MacKenzie,D,FLA,None,60,2,6,5,32,14.57,58,108,69,0,0,0,0,0,0,,,,
8479398,Samuel Girard,Girard,Samuel,D,"NSH, COL",None,73,4,19,-11,8,17.65,84,46,69,13,0,0,0,0,0,,,,
8479400,Pierre-Luc Dubois,Dubois,Pierre-Luc,LW/C,CBJ,None,82,20,28,8,49,16.63,165,127,46,15,0,0,0,0,0,,,,
8477353,Tyler Motte,Motte,Tyler,LW/C,"CBJ, VAN",None,46,5,2,-4,6,11.22,64,93,27,0,0,0,0,0,0,,,,
8477355,Will Butcher,Butcher,Will,D,NJD,None,81,5,39,1,8,16.06,88,21,62,23,0,0,0,0,0,,,,
8479404,Henrik Borgström,Borgstrom,Henrik,C,FLA,None,4,1,0,-1,0,12.66,6,1,1,0,0,0,0,0,0,,,,
8477810,Joel Hanley,Hanley,Joel,D,ARI,None,5,0,0,0,0,11.13,2,1,4,0,0,0,0,0,0,,,,
8471214,Alex Ovechkin,Ovechkin,Alex,LW,WSH,None,82,49,38,3,32,20.14,355,139,21,31,0,0,0,0,0,,,,
8479407,Jesper Bratt,Bratt,Jesper,LW,NJD,None,74,13,22,-16,18,15.25,100,44,22,12,2,0,0,0,0,,,,
8471217,Andrew Ladd,Ladd,Andrew,LW,NYI,None,73,12,17,11,24,15.89,112,76,40,1,2,0,0,0,0,,,,
8471218,Blake Wheeler,Wheeler,Blake,RW,WPG,None,81,23,68,13,52,20.26,246,94,66,40,2,0,0,0,0,,,,
8469619,Dennis Seidenberg,Seidenberg,Dennis,D,NYI,None,28,0,5,-9,17,17.88,31,65,43,0,0,0,0,0,0,,,,
8477369,Carson Soucy,Soucy,Carson,D,MIN,None,3,0,0,-2,2,14.84,4,4,3,0,0,0,0,0,0,,,,
8471226,Drew Stafford,Stafford,Drew,RW,NJD,None,59,8,7,-20,10,13.86,102,77,15,5,0,0,0,0,0,,,,
8475423,Darren Archibald,Archibald,Darren,RW,VAN,None,27,4,5,-1,14,14.86,28,80,14,0,1,0,0,0,0,,,,
8475324,Nick Jensen,Jensen,Nick,D,DET,None,81,0,15,-8,27,16.26,107,71,88,1,0,0,0,0,0,,,,
8475325,Jordan Nolan,Nolan,Jordan,LW/C,BUF,None,69,4,4,-13,69,9.80,50,123,17,0,0,0,0,0,0,,,,
8475765,Vladimir Tarasenko,Tarasenko,Vladimir,RW,STL,None,80,33,33,15,17,19.06,306,89,37,16,0,0,0,0,0,,,,
8475328,Ben Sexton,Sexton,Ben,C,OTT,None,2,0,0,-1,0,10.28,1,6,0,0,0,0,0,0,0,,,,
8471233,Travis Zajac,Zajac,Travis,C,NJD,None,63,12,14,-8,25,17.91,91,64,38,6,2,0,0,0,0,,,,
8477380,Jonny Brodzinski,Brodzinski,Jonny,C,LAK,None,35,4,2,4,6,9.51,53,35,9,0,0,0,0,0,0,,,,
8471242,Mike Green,Green,Mike,D,DET,None,66,8,25,-14,38,22.08,132,78,74,13,0,0,0,0,0,,,,
8478498,Jake Debrusk,DeBrusk,Jake,LW,BOS,None,70,16,27,13,19,14.37,143,70,26,9,0,0,0,0,0,,,,
8475343,Nic Dowd,Dowd,Nic,C,"LAK, VAN",None,56,3,1,-10,28,10.54,51,81,30,1,0,0,0,0,0,,,,
8477392,Hudson Fasching,Fasching,Hudson,RW,BUF,None,5,0,0,-1,2,9.70,1,7,2,0,0,0,0,0,0,,,,
8479442,Troy Stecher,Stecher,Troy,D,VAN,None,68,1,10,-7,35,18.81,94,111,75,1,1,0,0,0,0,,,,
8477399,Tyrell Goulbourne,Goulbourne,Tyrell,LW,PHI,None,9,0,0,-2,2,5.58,2,15,2,0,0,0,0,0,0,,,,
8477401,John Hayden,Hayden,John,RW,CHI,None,47,4,9,-4,54,10.82,56,118,23,0,1,0,0,0,0,,,,
8477402,Pavel Buchnevich,Buchnevich,Pavel,RW,NYR,None,74,14,29,-3,20,15.01,136,51,35,17,0,0,0,0,0,,,,
8471260,Blake Comeau,Comeau,Blake,LW,COL,None,79,13,21,5,50,15.87,123,145,38,0,3,0,0,0,0,,,,
8477406,Mattias Janmark,Janmark,Mattias,C,DAL,None,81,19,15,-13,24,16.93,136,15,41,5,2,0,0,0,0,,,,
8477407,Anthony Duclair,Duclair,Anthony,LW,"ARI, CHI",None,56,11,12,-5,16,13.28,97,46,26,3,0,0,0,0,0,,,,
8479458,Nikita Zaitsev,Zaitsev,Nikita,D,TOR,None,60,5,8,8,31,22.22,54,113,134,0,0,0,0,0,0,,,,
8470740,Lee Stempniak,Stempniak,Lee,RW,CAR,None,37,3,6,-8,4,12.47,41,40,11,1,0,0,0,0,0,,,,
8475430,Brandon Manning,Manning,Brandon,D,PHI,None,65,7,12,0,56,17.95,111,113,76,1,0,0,0,0,0,,,,
8477415,Anton Slepyshev,Slepyshev,Anton,LW,EDM,None,50,6,6,-4,8,11.81,73,61,18,0,0,0,0,0,0,,,,
8477416,Oliver Bjorkstrand,Bjorkstrand,Oliver,RW,CBJ,None,82,11,29,4,9,14.29,163,64,43,9,0,0,0,0,0,,,,
8479465,Drake Caggiula,Caggiula,Drake,LW,EDM,None,67,13,7,-13,37,13.55,104,147,33,3,1,0,0,0,0,,,,
8471274,Alex Goligoski,Goligoski,Alex,D,ARI,None,78,12,23,-31,26,23.28,119,114,154,11,0,0,0,0,0,,,,
8471276,David Krejci,Krejci,David,C,BOS,None,64,17,27,10,18,16.88,119,31,35,13,0,0,0,0,0,,,,
8477425,Miles Wood,Wood,Miles,LW,NJD,None,76,19,13,-6,84,12.46,170,75,22,3,0,0,0,0,0,,,,
8477426,Nick Paul,Paul,Nick,LW,OTT,None,11,1,0,-4,0,7.90,11,16,4,0,0,0,0,0,0,,,,
8477428,Justin Auger,Auger,Justin,RW,LAK,None,2,0,0,-1,0,7.99,1,2,2,0,0,0,0,0,0,,,,
8477429,Andrew Copp,Copp,Andrew,C,WPG,None,82,9,19,17,14,13.73,96,99,51,0,3,0,0,0,0,,,,
8477433,Ben Harpur,Harpur,Ben,D,OTT,None,41,0,1,-21,21,14.89,26,71,35,0,0,0,0,0,0,,,,
8479482,Michal Kempny,Kempny,Michal,D,"CHI, WSH",None,53,3,7,14,26,15.91,82,57,82,0,0,0,0,0,0,,,,
8479483,Yohann Auvitu,Auvitu,Yohann,D,EDM,None,33,3,6,4,8,13.56,69,18,26,0,0,0,0,0,0,,,,
8476458,Ryan Strome,Strome,Ryan,RW/C,EDM,None,82,13,21,-4,33,15.22,147,43,17,6,1,0,0,0,0,,,,
8471296,Alexei Emelin,Emelin,Alexei,D,NSH,None,76,1,8,9,40,16.88,59,181,109,0,0,0,0,0,0,,,,
8477444,Andre Burakovsky,Burakovsky,Andre,LW,WSH,None,56,12,13,3,27,13.84,84,40,26,4,0,0,0,0,0,,,,
8477446,Michael McCarron,McCarron,Michael,RW,MTL,None,18,0,1,-1,32,8.76,15,61,14,0,0,0,0,0,0,,,,
8471303,Alexander Edler,Edler,Alexander,D,VAN,None,70,6,28,-18,68,24.28,172,157,203,15,0,0,0,0,0,,,,
8477448,Marko Dano,Dano,Marko,C,WPG,None,23,2,1,-2,6,7.19,22,26,7,0,0,0,0,0,0,,,,
8477449,Morgan Klimchuk,Klimchuk,Morgan,LW,CGY,None,1,0,0,0,0,7.42,0,1,0,0,0,0,0,0,0,,,,
8477450,Jason Dickinson,Dickinson,Jason,C,DAL,None,27,0,2,-2,17,8.53,16,45,5,0,0,0,0,0,0,,,,
8477451,Ryan Hartman,Hartman,Ryan,LW/RW,"CHI, NSH",None,78,11,20,1,72,13.06,129,113,38,2,0,0,0,0,0,,,,
8477452,Ian McCoshen,McCoshen,Ian,D,FLA,None,38,3,1,-10,25,15.08,26,71,43,0,0,0,0,0,0,,,,
8477453,Chris Bigras,Bigras,Chris,D,COL,None,15,0,1,-2,2,13.86,8,12,15,0,0,0,0,0,0,,,,
8477454,Adam Erne,Erne,Adam,LW,TBL,None,23,3,1,-1,11,10.12,29,37,8,0,0,0,0,0,0,,,,
8477455,Jacob de La Rose,de la Rose,Jacob,LW,MTL,None,55,4,8,-2,29,11.85,53,127,36,0,1,0,0,0,0,,,,
8477456,J.T. Compher,Compher,J.T.,LW,COL,None,69,13,10,-29,20,16.00,131,45,65,7,2,0,0,0,0,,,,
8477458,Valentin Zykov,Zykov,Valentin,LW,CAR,None,10,3,4,4,2,13.71,18,3,1,0,0,0,0,0,0,,,,
8477460,Laurent Dauphin,Dauphin,Laurent,C,ARI,None,2,0,0,-1,2,7.23,1,1,2,0,0,0,0,0,0,,,,
8477461,Remi Elie,Elie,Remi,LW,DAL,None,72,6,8,5,18,10.25,70,101,20,0,0,0,0,0,0,,,,
8477462,Robert Hagg,Hagg,Robert,D,PHI,None,70,3,6,5,32,18.14,89,238,100,0,0,0,0,0,0,,,,
8477463,Steven Santini,Santini,Steven,D,NJD,None,36,2,8,0,21,20.27,56,113,73,0,1,0,0,0,0,,,,
8477464,Nic Petan,Petan,Nic,LW,WPG,None,15,2,0,0,6,8.41,16,4,4,0,0,0,0,0,0,,,,
8477467,Gustav Olofsson,Olofsson,Gustav,D,MIN,None,41,0,8,0,14,12.77,22,23,44,0,0,0,0,0,0,,,,
8477471,Dillon Heatherington,Heatherington,Dillon,D,DAL,None,6,0,1,3,26,10.85,6,7,2,0,0,0,0,0,0,,,,
8477472,Carl Dahlstrom,Dahlstrom,Carl,D,CHI,None,11,0,3,-2,0,17.51,12,6,9,0,0,0,0,0,0,,,,
8477473,Justin Bailey,Bailey,Justin,RW,BUF,None,12,3,1,-2,2,11.28,19,19,9,0,0,0,0,0,0,,,,
8477474,Madison Bowey,Bowey,Madison,D,WSH,None,51,0,12,-3,24,13.71,47,48,42,0,0,0,0,0,0,,,,
8477476,Artturi Lehkonen,Lehkonen,Artturi,LW,MTL,None,66,12,9,-11,20,16.49,164,71,23,4,1,0,0,0,0,,,,
8471686,Marc Staal,Staal,Marc,D,NYR,None,72,1,7,11,18,18.53,68,76,96,0,0,0,0,0,0,,,,
8477478,William Carrier,Carrier,William,LW,VGK,None,37,1,2,-3,19,8.84,52,113,10,0,0,0,0,0,0,,,,
8477479,Tyler Bertuzzi,Bertuzzi,Tyler,LW,DET,None,48,7,17,-7,39,14.40,83,53,38,2,0,0,0,0,0,,,,
8471338,Torrey Mitchell,Mitchell,Torrey,C,"MTL, LAK",None,60,6,5,-5,30,11.40,55,53,29,0,1,0,0,0,0,,,,
8471339,Ryan Callahan,Callahan,Ryan,RW,TBL,None,67,5,13,-4,29,13.32,104,138,40,2,2,0,0,0,0,,,,
8475436,Mike Liambas,Liambas,Mike,LW,ANA,None,7,0,1,0,21,5.29,3,15,1,0,0,0,0,0,0,,,,
8477488,Brett Pesce,Pesce,Brett,D,CAR,None,65,3,16,-6,18,20.90,88,57,101,0,0,0,0,0,0,,,,
8471346,Kris Versteeg,Versteeg,Kris,RW,CGY,None,24,3,5,-8,6,13.18,49,6,6,5,0,0,0,0,0,,,,
8477491,Nicholas Baptiste,Baptiste,Nicholas,RW,BUF,None,33,4,2,-4,14,9.97,45,16,3,1,0,0,0,0,0,,,,
8477492,Nathan MacKinnon,MacKinnon,Nathan,C,COL,None,74,39,58,11,55,19.91,284,38,22,32,1,0,0,0,0,,,,
8477493,Aleksander Barkov,Barkov,Aleksander,C,FLA,None,79,27,51,9,14,22.07,256,30,67,17,5,0,0,0,0,,,,
8477494,Jonathan Drouin,Drouin,Jonathan,LW/C,MTL,None,77,13,33,-28,30,17.60,164,55,27,22,0,0,0,0,0,,,,
8477495,Seth Jones,Jones,Seth,D,CBJ,None,78,16,41,10,30,24.60,249,92,124,24,0,0,0,0,0,,,,
8477496,Elias Lindholm,Lindholm,Elias,C,CAR,None,81,16,28,-8,18,17.89,153,98,41,9,1,0,0,0,0,,,,
8477497,Sean Monahan,Monahan,Sean,C,CGY,None,74,31,33,3,24,18.68,202,35,17,19,0,0,0,0,0,,,,
8477498,Darnell Nurse,Nurse,Darnell,D,EDM,None,82,6,20,15,67,22.25,194,161,153,0,0,0,0,0,0,,,,
8477499,Rasmus Ristolainen,Ristolainen,Rasmus,D,BUF,None,73,6,35,-25,48,26.50,182,206,111,23,0,0,0,0,0,,,,
8477500,Bo Horvat,Horvat,Bo,C,VAN,None,64,22,22,-1,10,19.35,158,35,29,13,1,0,0,0,0,,,,
8477502,Samuel Morin,Morin,Samuel,D,PHI,None,2,0,0,1,4,15.81,1,7,1,0,0,0,0,0,0,,,,
8477503,Max Domi,Domi,Max,LW,ARI,None,82,9,36,-7,73,16.71,150,49,28,9,0,0,0,0,0,,,,
8477504,Josh Morrissey,Morrissey,Josh,D,WPG,None,81,7,19,15,47,20.45,102,139,168,1,0,0,0,0,0,,,,
8477505,Alexander Wennberg,Wennberg,Alexander,C,CBJ,None,66,8,27,22,12,18.13,74,28,46,5,1,0,0,0,0,,,,
8477506,Ryan Pulock,Pulock,Ryan,D,NYI,None,68,10,22,-4,14,18.41,184,113,86,11,0,0,0,0,0,,,,
8477507,Nikita Zadorov,Zadorov,Nikita,D,COL,None,77,7,13,4,103,19.47,94,278,106,1,0,0,0,0,0,,,,
8477508,Curtis Lazar,Lazar,Curtis,RW/C,CGY,None,65,2,10,-8,23,9.86,65,130,26,0,0,0,0,0,0,,,,
8477509,Mirco Mueller,Mueller,Mirco,D,NJD,None,28,0,4,1,4,16.68,19,15,42,0,2,0,0,0,0,,,,
8475462,Radko Gudas,Gudas,Radko,D,PHI,None,70,2,14,0,83,17.10,142,170,123,0,1,0,0,0,0,,,,
8477511,Anthony Mantha,Mantha,Anthony,RW,DET,None,80,24,24,-1,52,17.29,190,91,36,12,0,0,0,0,0,,,,
8477512,Frederik Gauthier,Gauthier,Frederik,C,TOR,None,9,1,0,-4,0,8.74,12,12,5,0,0,0,0,0,0,,,,
8473419,Brad Marchand,Marchand,Brad,LW,BOS,None,68,34,51,25,63,19.72,182,37,25,23,4,0,0,0,0,,,,
8473422,Nick Foligno,Foligno,Nick,LW,CBJ,None,72,15,18,1,50,18.35,137,182,60,4,0,0,0,0,0,,,,
8477520,Jean-Sebastien Dea,Dea,Jean-Sebastien,C,PIT,None,5,1,0,1,2,5.49,1,9,1,0,0,0,0,0,0,,,,
8477527,Ross Johnston,Johnston,Ross,LW,NYI,None,24,3,3,0,62,9.33,19,46,11,0,0,0,0,0,0,,,,
8473432,Derek Dorsett,Dorsett,Derek,RW,VAN,None,20,7,2,-1,74,15.28,26,39,14,0,2,0,0,0,0,,,,
8477529,Colby Cave,Cave,Colby,C,BOS,None,3,0,0,0,2,11.46,2,3,2,0,0,0,0,0,0,,,,
8475791,Taylor Hall,Hall,Taylor,LW,NJD,None,76,39,54,14,34,19.14,278,72,44,37,1,0,0,0,0,,,,
8479580,Dylan Gambrell,Gambrell,Dylan,C,SJS,None,3,0,0,-1,0,10.56,1,0,2,0,0,0,0,0,0,,,,
8473440,Will O'Neill,O'Neill,Will,D,PHI,None,1,0,0,0,0,9.42,3,0,0,0,0,0,0,0,0,,,,
8477541,Dakota Mermis,Mermis,Dakota,D,ARI,None,9,0,0,-2,0,10.99,7,5,6,0,0,0,0,0,0,,,,
8473446,Erik Johnson,Johnson,Erik,D,COL,None,62,9,16,3,58,25.44,168,114,135,3,1,0,0,0,0,,,,
8473449,Kyle Okposo,Okposo,Kyle,RW,BUF,None,76,15,29,-34,40,17.03,161,70,34,21,0,0,0,0,0,,,,
8479595,Blake Hillman,Hillman,Blake,D,CHI,None,4,1,0,-1,0,18.03,5,5,8,0,1,0,0,0,0,,,,
8473453,Trevor Lewis,Lewis,Trevor,C,LAK,None,68,14,12,-6,25,15.23,134,125,32,3,2,0,0,0,0,,,,
8476981,Josh Anderson,Anderson,Josh,RW,CBJ,None,63,19,11,-1,42,18.04,188,109,24,4,0,0,0,0,0,,,,
8471699,Andrew Cogliano,Cogliano,Andrew,LW,ANA,None,80,12,23,18,41,15.20,175,80,31,0,4,0,0,0,0,,,,
8473463,Leo Komarov,Komarov,Leo,C,TOR,None,74,7,12,0,31,15.79,114,219,48,3,1,0,0,0,0,,,,
8473465,Jamie McGinn,McGinn,Jamie,LW,FLA,None,76,13,16,-5,33,13.45,117,120,22,6,0,0,0,0,0,,,,
8475455,Brenden Dillon,Dillon,Brenden,D,SJS,None,81,5,17,-7,60,17.32,88,197,107,0,0,0,0,0,0,,,,
8473468,Eric Gryba,Gryba,Eric,D,EDM,None,21,0,2,4,31,14.73,19,57,19,0,0,0,0,0,0,,,,
8479613,Giovanni Fiore,Fiore,Giovanni,LW,ANA,None,1,0,0,-1,0,7.88,0,0,0,0,0,0,0,0,0,,,,
8473473,Milan Lucic,Lucic,Milan,LW,EDM,None,82,10,24,-12,80,15.96,147,254,25,7,0,0,0,0,0,,,,
8471426,Troy Brouwer,Brouwer,Troy,RW,CGY,None,76,6,16,-7,53,13.93,79,125,42,5,1,0,0,0,0,,,,
8475798,Mikael Granlund,Granlund,Mikael,RW,MIN,None,77,21,46,13,18,18.78,193,47,45,19,3,0,0,0,0,,,,
8480009,Eeli Tolvanen,Tolvanen,Eeli,RW,NSH,None,3,0,0,0,0,12.11,3,2,1,0,0,0,0,0,0,,,,
8479553,Maxim Mamin,Mamin,Maxim,LW/C,FLA,None,26,3,1,2,7,10.52,28,51,9,0,0,0,0,0,0,,,,
8471436,Matt Hunwick,Hunwick,Matt,D,PIT,None,42,4,6,-4,21,17.51,52,51,53,0,1,0,0,0,0,,,,
8473485,Chris Stewart,Stewart,Chris,RW,"MIN, CGY",None,54,10,6,-5,27,10.74,68,48,14,1,0,0,0,0,0,,,,
8477583,Curtis Valk,Valk,Curtis,LW/C,FLA,None,1,0,0,0,0,3.42,0,1,0,0,0,0,0,0,0,,,,
8473492,Matt Beleskey,Beleskey,Matt,LW,"BOS, NYR",None,15,0,0,-9,21,10.97,17,34,5,0,0,0,0,0,0,,,,
8477591,Josh Jooris,Jooris,Josh,RW,"CAR, PIT",None,40,3,3,-7,16,9.77,50,51,11,0,0,0,0,0,0,,,,
8473412,Bryan Little,Little,Bryan,C,WPG,None,82,16,27,2,28,16.93,129,50,33,12,0,0,0,0,0,,,,
8479066,Ryan Lomberg,Lomberg,Ryan,LW,CGY,None,7,0,1,0,15,6.25,5,11,1,0,0,0,0,0,0,,,,
8478874,Adam Gaudette,Gaudette,Adam,C,VAN,None,5,0,0,2,0,12.79,9,2,3,0,0,0,0,0,0,,,,
8473504,Cal Clutterbuck,Clutterbuck,Cal,RW,NYI,None,76,8,10,-7,53,12.79,101,226,53,0,1,0,0,0,0,,,,
8475179,Dmitry Kulikov,Kulikov,Dmitry,D,WPG,None,62,3,8,6,22,17.07,48,69,78,0,0,0,0,0,0,,,,
8479650,Vadim Shipachyov,Shipachyov,Vadim,LW/C,VGK,None,3,1,0,3,2,10.59,3,1,0,0,0,0,0,0,0,,,,
8471707,James Neal,Neal,James,LW,VGK,None,71,25,19,-11,24,17.18,202,44,30,9,0,0,0,0,0,,,,
8477510,Kerby Rychel,Rychel,Kerby,LW,MTL,None,4,1,1,-2,2,11.03,7,13,2,0,0,0,0,0,0,,,,
8473512,Claude Giroux,Giroux,Claude,C,PHI,None,82,34,68,28,20,20.36,193,30,23,36,0,0,0,0,0,,,,
8467370,Mike Fisher,Fisher,Mike,C,NSH,None,16,2,2,0,8,12.34,14,25,14,0,0,0,0,0,0,,,,
8473415,Alex Biega,Biega,Alex,D,VAN,None,44,1,8,3,32,15.02,79,126,53,0,1,0,0,0,0,,,,
8471476,Daniel Winnik,Winnik,Daniel,LW,MIN,None,81,6,17,5,27,13.57,82,27,53,1,0,0,0,0,0,,,,
8473533,Jordan Staal,Staal,Jordan,C,CAR,None,79,19,27,-4,26,19.25,160,181,32,12,2,0,0,0,0,,,,
8471702,Matt Niskanen,Niskanen,Matt,D,WSH,None,68,7,22,24,36,22.61,120,117,98,0,1,0,0,0,0,,,,
8475180,Peter Holland,Holland,Peter,C,NYR,None,23,1,3,-10,7,12.39,30,14,12,0,1,0,0,0,0,,,,
8471490,Adam Cracknell,Cracknell,Adam,RW,"DAL, NYR",None,5,0,0,-1,0,7.71,6,12,1,0,0,0,0,0,0,,,,
8475794,Tyler Seguin,Seguin,Tyler,C,DAL,None,82,40,38,12,43,20.91,335,74,44,25,2,0,0,0,0,,,,
8467400,Francois Beauchemin,Beauchemin,Francois,D,ANA,None,67,3,14,12,26,17.31,93,102,121,2,1,0,0,0,0,,,,
8473546,Michael Grabner,Grabner,Michael,RW,"NYR, NJD",None,80,27,9,11,16,14.82,167,68,37,1,3,0,0,0,0,,,,
8467407,Brian Gionta,Gionta,Brian,RW,BOS,None,20,2,5,-1,2,13.07,42,17,6,3,0,0,0,0,0,,,,
8473548,Phil Kessel,Kessel,Phil,RW,PIT,None,82,34,58,-4,36,18.69,261,10,17,42,0,0,0,0,0,,,,
8469455,Jason Spezza,Spezza,Jason,C,DAL,None,78,8,18,-12,12,13.01,138,16,26,11,0,0,0,0,0,,,,
8471498,Jannik Hansen,Hansen,Jannik,RW,SJS,None,46,2,12,2,15,12.04,54,38,19,0,1,0,0,0,0,,,,
8469459,Mikko Koivu,Koivu,Mikko,C,MIN,None,82,14,31,9,46,18.49,170,51,53,14,1,0,0,0,0,,,,
8473560,Korbinian Holzer,Holzer,Korbinian,D,ANA,None,16,0,0,-3,6,11.62,10,22,14,0,0,0,0,0,0,,,,
8469465,Dan Hamhuis,Hamhuis,Dan,D,DAL,None,80,3,21,-6,33,20.19,66,82,113,2,0,0,0,0,0,,,,
8469466,Ales Hemsky,Hemsky,Ales,RW,MTL,None,7,0,0,-1,10,9.92,5,0,2,0,0,0,0,0,0,,,,
8473563,Nicklas Backstrom,Backstrom,Nicklas,C,WSH,None,81,21,50,5,46,19.66,165,37,51,26,0,0,0,0,0,,,,
8473564,Michael Frolik,Frolik,Michael,RW,CGY,None,70,10,15,-19,26,16.92,167,48,35,0,2,0,0,0,0,,,,
8475613,Nate Prosser,Prosser,Nate,D,"STL, MIN",None,57,3,6,8,19,13.46,27,60,84,0,1,0,0,0,0,,,,
8473573,Artem Anisimov,Anisimov,Artem,C,CHI,None,72,20,11,-17,22,16.79,130,15,40,12,1,0,0,0,0,,,,
8473574,Shawn Matthias,Matthias,Shawn,LW,WPG,None,27,1,2,-1,10,11.17,26,22,14,0,0,0,0,0,0,,,,
8475625,Matt Irwin,Irwin,Matt,D,NSH,None,50,2,6,2,8,13.43,62,78,54,0,0,0,0,0,0,,,,
8473579,Nikolai Kulemin,Kulemin,Nikolay,LW,NYI,None,13,1,2,0,0,11.94,7,16,15,0,0,0,0,0,0,,,,
8473584,Andrew MacDonald,MacDonald,Andrew,D,PHI,None,66,6,15,8,30,19.85,82,36,131,0,1,0,0,0,0,,,,
8479410,Mikhail Sergachev,Sergachev,Mikhail,D,TBL,None,79,9,31,11,38,15.36,141,90,64,16,0,0,0,0,0,,,,
8469500,Mike Cammalleri,Cammalleri,Michael,LW,"LAK, EDM",None,66,7,22,-3,18,13.77,128,43,32,4,0,0,0,0,0,,,,
8469501,Chris Thorburn,Thorburn,Chris,RW,STL,None,50,1,6,-4,60,7.04,35,99,16,0,0,0,0,0,0,,,,
8480078,Filip Chytil,Chytil,Filip,C,NYR,None,9,1,2,-5,4,13.61,21,3,1,0,0,0,0,0,0,,,,
8469506,Jason Pominville,Pominville,Jason,RW,BUF,None,82,16,18,-17,8,14.90,168,39,35,7,0,0,0,0,0,,,,
8473604,Jonathan Toews,Toews,Jonathan,C,CHI,None,74,20,32,-1,47,19.69,211,32,24,12,0,0,0,0,0,,,,
8478550,Artemi Panarin,Panarin,Artemi,LW,CBJ,None,81,27,55,23,26,20.13,228,15,19,21,0,0,0,0,0,,,,
8471724,Kris Letang,Letang,Kris,D,PIT,None,79,9,42,-9,56,25.33,222,109,108,20,1,0,0,0,0,,,,
8479755,Victor Antipin,Antipin,Victor,D,BUF,None,47,0,10,-9,18,15.28,40,14,41,1,0,0,0,0,0,,,,
8469521,Tomas Plekanec,Plekanec,Tomas,C,"MTL, TOR",None,77,6,20,1,45,15.14,144,61,41,0,0,0,0,0,0,,,,
8473618,Mathieu Perreault,Perreault,Mathieu,C,WPG,None,70,17,22,4,38,14.46,139,120,25,14,1,0,0,0,0,,,,
8474774,Dalton Prout,Prout,Dalton,D,NJD,None,4,0,0,-2,13,13.99,5,7,3,0,0,0,0,0,0,,,,
8471228,Alexander Radulov,Radulov,Alexander,RW,DAL,None,82,27,45,4,72,20.13,217,77,64,23,0,0,0,0,0,,,,
8471729,Kris Russell,Russell,Kris,D,EDM,None,78,4,17,-7,8,19.07,90,97,223,2,0,0,0,0,0,,,,
8469544,Patrick Sharp,Sharp,Patrick,LW,CHI,None,70,10,11,-16,14,12.88,143,46,25,4,0,0,0,0,0,,,,
8475690,Chris Tanev,Tanev,Christopher,D,VAN,None,42,2,9,7,8,19.78,31,21,70,0,2,0,0,0,0,,,,
8475692,Mats Zuccarello,Zuccarello,Mats,RW,NYR,None,80,16,37,-10,36,18.92,178,62,67,17,0,0,0,0,0,,,,
8476480,Vladislav Namestnikov,Namestnikov,Vladislav,C,"TBL, NYR",None,81,22,26,6,45,17.09,155,79,44,16,0,0,0,0,0,,,,
8471392,Roman Polak,Polak,Roman,D,TOR,None,54,2,10,5,46,17.64,47,131,84,0,0,0,0,0,0,,,,
8475714,Calle Jarnkrok,Jarnkrok,Calle,C,NSH,None,68,16,19,20,12,15.89,105,36,31,4,2,0,0,0,0,,,,
8475715,Oscar Lindberg,Lindberg,Oscar,C,VGK,None,63,9,2,-11,14,11.78,81,72,27,0,0,0,0,0,0,,,,
8475716,Martin Marincin,Marincin,Martin,D,TOR,None,2,0,0,-2,2,16.68,0,1,4,0,0,0,0,0,0,,,,
8475718,Justin Holl,Holl,Justin,D,TOR,None,2,2,0,5,0,17.36,2,2,3,0,0,0,0,0,0,,,,
8473673,David Schlemko,Schlemko,David,D,MTL,None,37,1,4,3,6,18.06,38,33,72,2,0,0,0,0,0,,,,
8475722,Jason Zucker,Zucker,Jason,LW,MIN,None,82,33,31,8,44,16.96,222,80,47,16,2,0,0,0,0,,,,
8475726,Tyler Toffoli,Toffoli,Tyler,C,LAK,None,82,24,23,9,16,16.12,251,75,17,12,0,0,0,0,0,,,,
8475727,Ryan Spooner,Spooner,Ryan,C,"BOS, NYR",None,59,13,28,6,4,15.29,107,66,16,7,0,0,0,0,0,,,,
8475728,Johan Larsson,Larsson,Johan,C,BUF,None,80,4,13,-30,49,14.11,86,117,47,0,2,0,0,0,0,,,,
8475729,Mark Alt,Alt,Mark,D,"PHI, COL",None,15,0,0,-1,2,12.45,11,17,18,0,0,0,0,0,0,,,,
8475730,Stephen Johns,Johns,Stephen,D,DAL,None,75,8,7,10,41,17.54,121,201,155,0,1,0,0,0,0,,,,
8475735,Greg McKegg,McKegg,Greg,C,PIT,None,26,2,2,-4,8,9.68,21,19,10,0,1,0,0,0,0,,,,
8475736,Connor Brickley,Brickley,Connor,LW/C,FLA,None,44,4,8,-6,19,11.89,62,82,28,0,0,0,0,0,0,,,,
8475738,Jordan Weal,Weal,Jordan,C,PHI,None,69,8,13,-10,12,12.95,102,17,25,3,0,0,0,0,0,,,,
8475739,Michael Bournival,Bournival,Michael,LW,TBL,None,5,0,0,0,0,9.35,5,8,5,0,0,0,0,0,0,,,,
8478906,Markus Nutivaara,Nutivaara,Markus,D,CBJ,None,61,7,16,13,14,16.03,79,42,40,2,0,0,0,0,0,,,,
8469598,Kevin Bieksa,Bieksa,Kevin,D,ANA,None,59,0,8,-13,83,18.02,66,116,81,2,0,0,0,0,0,,,,
8475744,Evgeny Kuznetsov,Kuznetsov,Evgeny,C,WSH,None,79,27,56,3,48,18.81,187,50,26,30,1,0,0,0,0,,,,
8475745,Charlie Coyle,Coyle,Charlie,C,MIN,None,66,11,26,8,18,16.53,117,76,63,3,1,0,0,0,0,,,,
8475747,Patrik Nemeth,Nemeth,Patrik,D,COL,None,68,3,12,27,41,19.86,73,66,185,0,2,0,0,0,0,,,,
8475750,Jonathon Merrill,Merrill,Jon,D,VGK,None,34,1,2,7,22,16.09,30,35,42,0,0,0,0,0,0,,,,
8475752,Tyler Pitlick,Pitlick,Tyler,C,DAL,None,80,14,13,9,34,13.68,129,122,57,0,1,0,0,0,0,,,,
8471657,Cody McLeod,McLeod,Cody,LW,"NSH, NYR",None,48,1,3,-11,111,7.38,36,131,19,0,0,0,0,0,0,,,,
8475754,Brock Nelson,Nelson,Brock,LW/C,NYI,None,82,19,16,-4,43,14.73,138,50,52,8,0,0,0,0,0,,,,
8475755,Alexander Petrovic,Petrovic,Alexander,D,FLA,None,67,2,11,-2,98,14.66,60,142,74,0,0,0,0,0,0,,,,
8475758,Devante Smith-Pelly,Smith-Pelly,Devante,RW,WSH,None,75,7,9,-6,38,12.35,103,151,62,0,0,0,0,0,0,,,,
8471663,Mike Blunden,Blunden,Mike,RW,OTT,None,1,0,0,0,0,6.52,1,6,0,0,0,0,0,0,0,,,,
8475760,Nick Bjugstad,Bjugstad,Nick,C,FLA,None,82,19,29,5,41,15.12,230,95,19,7,0,0,0,0,0,,,,
8475761,Beau Bennett,Bennett,Beau,RW,STL,None,6,0,0,-2,0,10.80,6,9,1,0,0,0,0,0,0,,,,
8475762,Derek Forbort,Forbort,Derek,D,LAK,None,78,1,17,18,49,20.79,78,142,156,0,0,0,0,0,0,,,,
8475763,Kevin Hayes,Hayes,Kevin,RW/C,NYR,None,76,25,19,1,18,17.35,172,40,36,8,2,0,0,0,0,,,,
8475764,Cam Fowler,Fowler,Cam,D,ANA,None,67,8,24,3,28,24.85,122,21,108,10,2,0,0,0,0,,,,
8471669,Paul Stastny,Stastny,Paul,C,"STL, WPG",None,82,16,37,1,18,18.30,159,43,38,9,1,0,0,0,0,,,,
8475766,Austin Watson,Watson,Austin,LW,NSH,None,76,14,5,2,123,12.33,96,187,78,0,5,0,0,0,0,,,,
8475768,Jaden Schwartz,Schwartz,Jaden,LW,STL,None,62,24,35,15,26,19.39,157,52,30,11,1,0,0,0,0,,,,
8471675,Sidney Crosby,Crosby,Sidney,C,PIT,None,82,29,60,0,46,20.69,247,75,36,38,0,0,0,0,0,,,,
8475772,Riley Sheahan,Sheahan,Riley,C,"DET, PIT",None,81,11,21,4,8,14.67,109,52,50,2,1,0,0,0,0,,,,
8471677,Jack Johnson,Johnson,Jack,D,CBJ,None,77,3,8,-6,22,19.55,88,101,135,0,0,0,0,0,0,,,,
8471678,Benoit Pouliot,Pouliot,Benoit,LW,BUF,None,74,13,6,-8,22,13.68,83,69,34,1,2,0,0,0,0,,,,
8477205,Andrej Sustr,Sustr,Andrej,D,TBL,None,44,2,5,-5,18,12.84,45,9,33,0,0,0,0,0,0,,,,
8475780,Chris Wagner,Wagner,Chris,C/RW,"ANA, NYI",None,79,7,9,-10,37,13.28,93,253,49,3,2,0,0,0,0,,,,
8471685,Anze Kopitar,Kopitar,Anze,C,LAK,None,82,35,57,21,20,22.08,200,50,64,27,2,0,0,0,0,,,,
8469638,Jussi Jokinen,Jokinen,Jussi,LW,"EDM, LAK, CBJ, VAN",None,60,5,12,2,12,11.58,73,21,22,5,0,0,0,0,0,,,,
8469639,Brooks Laich,Laich,Brooks,C,LAK,None,12,0,1,-5,6,11.19,10,22,5,0,0,0,0,0,0,,,,
8475784,Jeff Skinner,Skinner,Jeff,LW,CAR,None,82,24,25,-27,34,16.71,277,35,24,9,0,0,0,0,0,,,,
8475786,Zach Hyman,Hyman,Zach,C,TOR,None,82,15,25,22,37,17.36,149,117,55,0,2,0,0,0,0,,,,
8471691,Martin Hanzal,Hanzal,Martin,C,DAL,None,38,5,5,-14,23,14.11,62,66,21,3,0,0,0,0,0,,,,
8475788,Alexander Burmistrov,Burmistrov,Alexander,C,VAN,None,24,2,4,-5,12,11.98,18,20,4,2,0,0,0,0,0,,,,
8468674,Deryk Engelland,Engelland,Deryk,D,VGK,None,79,5,18,6,24,20.28,108,126,150,0,0,0,0,0,0,,,,
8475790,Erik Gudbranson,Gudbranson,Erik,D,VAN,None,52,2,3,-7,35,18.42,53,126,81,0,0,0,0,0,0,,,,
8477839,Conor Sheary,Sheary,Conor,LW,PIT,None,79,18,12,2,10,13.95,142,29,31,3,0,0,0,0,0,,,,
8475792,Brett Connolly,Connolly,Brett,RW,WSH,None,70,15,12,-6,30,12.00,67,72,24,5,0,0,0,0,0,,,,
8475793,Ryan Johansen,Johansen,Ryan,C,NSH,None,79,15,39,13,78,18.55,129,87,35,15,2,0,0,0,0,,,,
8471698,T.J. Oshie,Oshie,T.J.,RW,WSH,None,74,18,29,2,31,18.41,127,124,54,18,0,0,0,0,0,,,,
8476867,Brendan Gaunce,Gaunce,Brendan,LW/C,VAN,None,37,4,2,0,10,13.31,55,48,11,1,0,0,0,0,0,,,,
8475796,Mark Pysyk,Pysyk,Mark,D,FLA,None,82,3,13,-8,20,18.76,106,102,123,0,0,0,0,0,0,,,,
8477845,Trevor van Riemsdyk,van Riemsdyk,Trevor,D,CAR,None,79,3,13,9,20,17.05,111,25,113,0,0,0,0,0,0,,,,
8477846,Ryan Carpenter,Carpenter,Ryan,C,"SJS, VGK",None,52,9,6,1,11,12.60,85,76,17,0,1,0,0,0,0,,,,
8475799,Nino Niederreiter,Niederreiter,Nino,RW,MIN,None,63,18,14,14,36,15.00,133,58,20,8,0,0,0,0,0,,,,
8477850,Christian Folin,Folin,Christian,D,LAK,None,65,3,10,1,30,15.66,58,167,106,0,1,0,0,0,0,,,,
8477851,Jordan Oesterle,Oesterle,Jordan,D,CHI,None,55,5,10,-11,8,20.52,99,62,97,3,0,0,0,0,0,,,,
8471709,Marc-Edouard Vlasic,Vlasic,Marc-Edouard,D,SJS,None,81,11,21,9,34,22.55,161,26,174,3,1,0,0,0,0,,,,
8471710,Taylor Chorney,Chorney,Taylor,D,"WSH, CBJ",None,25,1,3,10,8,13.14,14,21,31,0,1,0,0,0,0,,,,
8475807,Joakim Nordstrom,Nordstrom,Joakim,LW,CAR,None,75,2,5,-11,6,10.57,97,107,41,0,0,0,0,0,0,,,,
8475808,Michael Chaput,Chaput,Michael,C,VAN,None,9,0,0,-4,5,9.79,2,16,2,0,0,0,0,0,0,,,,
8469665,Johnny Oduya,Oduya,Johnny,D,"OTT, PHI",None,52,4,4,1,32,17.11,59,50,76,0,0,0,0,0,0,,,,
8475810,Bryan Rust,Rust,Bryan,RW,PIT,None,69,13,25,11,26,16.05,123,97,40,4,3,0,0,0,0,,,,
8471716,Justin Abdelkader,Abdelkader,Justin,LW,DET,None,75,13,22,-11,78,16.55,110,174,40,9,0,0,0,0,0,,,,
8471717,Adam McQuaid,McQuaid,Adam,D,BOS,None,38,1,3,-1,62,15.70,39,80,56,0,0,0,0,0,0,,,,
8475820,Joonas Donskoi,Donskoi,Joonas,RW,SJS,None,66,14,18,10,26,14.97,129,28,28,5,0,0,0,0,0,,,,
8475848,Brendan Gallagher,Gallagher,Brendan,RW,MTL,None,82,31,23,-13,34,16.16,278,90,41,17,1,0,0,0,0,,,,
8471735,Keith Yandle,Yandle,Keith,D,FLA,None,82,8,48,7,35,24.49,179,26,101,18,2,0,0,0,0,,,,
8475832,Tom Kuhnhackl,Kuhnhackl,Tom,RW,PIT,None,69,2,6,-6,6,10.02,63,139,50,1,1,0,0,0,0,,,,
8475834,Marcus Sorensen,Sorensen,Marcus,LW,SJS,None,32,5,2,-5,5,10.15,25,26,15,0,0,0,0,0,0,,,,
8470047,Valtteri Filppula,Filppula,Valtteri,C,PHI,None,81,11,22,-7,20,16.48,71,25,55,4,2,0,0,0,0,,,,
8471742,Cody Franson,Franson,Cody,D,CHI,None,23,1,6,-1,8,16.62,51,18,18,4,0,0,0,0,0,,,,
8471743,Vladimir Sobotka,Sobotka,Vladimir,LW,STL,None,81,11,20,-6,50,17.12,136,127,45,3,1,0,0,0,0,,,,
8475841,Tim Heed,Heed,Tim,D,SJS,None,29,3,8,0,8,16.02,51,8,35,5,0,0,0,0,0,,,,
8475844,Kenny Agostino,Agostino,Kenny,LW,BOS,None,5,0,1,-1,4,12.04,11,4,1,1,0,0,0,0,0,,,,
8474145,Robert Bortuzzo,Bortuzzo,Robert,D,STL,None,72,4,9,11,41,14.80,76,121,108,0,0,0,0,0,0,,,,
8479944,Zach Aston-Reese,Aston-Reese,Zach,C,PIT,None,16,4,2,2,2,11.38,20,55,6,0,0,0,0,0,0,,,,
8477901,Daniel Carr,Carr,Daniel,LW,MTL,None,38,6,10,2,8,12.13,52,30,16,3,0,0,0,0,0,,,,
8475855,Jesper Fast,Fast,Jesper,RW,NYR,None,71,13,20,-10,26,14.88,80,130,44,0,2,0,0,0,0,,,,
8471761,Chris Butler,Butler,Chris,D,STL,None,6,0,0,1,2,13.31,2,3,3,0,0,0,0,0,0,,,,
8475171,Oliver Ekman-Larsson,Ekman-Larsson,Oliver,D,ARI,None,82,14,28,-28,44,23.68,202,160,79,15,0,0,0,0,0,,,,
8471766,Jared Boll,Boll,Jared,RW,ANA,None,10,1,0,0,16,4.43,4,9,0,0,0,0,0,0,0,,,,
8471768,Tom Pyatt,Pyatt,Tom,LW,OTT,None,81,7,15,-12,10,14.05,103,55,93,0,2,0,0,0,0,,,,
8471769,Niklas Hjalmarsson,Hjalmarsson,Niklas,D,ARI,None,48,1,8,-3,18,20.70,32,16,118,1,0,0,0,0,0,,,,
8477903,Garnet Hathaway,Hathaway,Garnet,RW,CGY,None,59,4,9,3,88,11.53,68,154,32,0,1,0,0,0,0,,,,
8475868,Anthony Bitetto,Bitetto,Anthony,D,NSH,None,32,1,2,-1,27,13.44,25,40,31,0,0,0,0,0,0,,,,
8475869,Brandon Davidson,Davidson,Brandon,D,"MTL, EDM, NYI",None,51,4,3,-13,23,16.82,63,105,89,0,1,0,0,0,0,,,,
8477919,Frederick Gaudreau,Gaudreau,Frederick,C,NSH,None,20,0,3,0,2,9.16,14,8,8,0,0,0,0,0,0,,,,
8479968,Vinni Lettieri,Lettieri,Vinni,C,NYR,None,19,1,4,-12,0,12.06,28,22,6,1,0,0,0,0,0,,,,
8448208,Jaromir Jagr,Jagr,Jaromir,RW,CGY,None,22,1,6,6,10,13.05,32,1,8,1,0,0,0,0,0,,,,
8477922,Melker Karlsson,Karlsson,Melker,C,SJS,None,71,8,11,-5,26,13.25,76,81,69,0,1,0,0,0,0,,,,
8475878,Freddie Hamilton,Hamilton,Freddie,C,"CGY, ARI",None,16,0,1,0,2,8.98,12,35,0,0,1,0,0,0,0,,,,
8475857,Kevin Gravel,Gravel,Kevin,D,LAK,None,16,0,3,-3,2,14.03,20,16,15,1,0,0,0,0,0,,,,
8479977,Kailer Yamamoto,Yamamoto,Kailer,RW,EDM,None,9,0,3,-2,2,15.16,23,6,3,1,0,0,0,0,0,,,,
8477930,Pierre-Edouard Bellemare,Bellemare,Pierre-Edouard,LW,VGK,None,72,6,10,5,14,12.33,92,41,63,0,0,0,0,0,0,,,,
8477931,Tomas Nosek,Nosek,Tomas,LW,VGK,None,67,7,8,6,14,11.09,92,53,24,0,2,0,0,0,0,,,,
8477932,Aaron Ekblad,Ekblad,Aaron,D,FLA,None,82,16,22,9,71,23.39,189,69,121,11,0,0,0,0,0,,,,
8477933,Sam Reinhart,Reinhart,Sam,C,BUF,None,82,25,25,-24,26,17.10,188,48,42,21,0,0,0,0,0,,,,
8477934,Leon Draisaitl,Draisaitl,Leon,C,EDM,None,78,25,45,-7,30,19.32,194,40,24,11,4,0,0,0,0,,,,
8477935,Sam Bennett,Bennett,Sam,C,CGY,None,82,11,15,-18,59,14.40,157,140,34,3,0,0,0,0,0,,,,
8477936,Michael Dal Colle,Dal Colle,Michael,LW,NYI,None,4,0,0,0,0,13.35,1,1,1,0,0,0,0,0,0,,,,
8477937,Jake Virtanen,Virtanen,Jake,RW,VAN,None,75,10,10,-11,46,11.99,130,156,29,0,0,0,0,0,0,,,,
8477938,Haydn Fleury,Fleury,Haydn,D,CAR,None,67,0,8,-2,14,16.80,86,85,94,0,0,0,0,0,0,,,,
8477939,William Nylander,Nylander,William,C,TOR,None,82,20,41,20,10,16.69,184,21,18,12,0,0,0,0,0,,,,
8477940,Nikolaj Ehlers,Ehlers,Nikolaj,LW,WPG,None,82,29,31,14,26,16.08,231,39,27,13,0,0,0,0,0,,,,
8477941,Nick Ritchie,Ritchie,Nick,LW,ANA,None,76,10,17,3,72,13.18,122,221,27,3,0,0,0,0,0,,,,
8477942,Kevin Fiala,Fiala,Kevin,LW,NSH,None,80,23,25,20,26,15.15,187,34,27,13,0,0,0,0,0,,,,
8477943,Brendan Perlini,Perlini,Brendan,LW,ARI,None,74,17,13,-2,28,14.51,129,83,34,11,0,0,0,0,0,,,,
8477944,Jakub Vrana,Vrana,Jakub,LW,WSH,None,73,13,14,2,12,12.50,133,31,16,3,0,0,0,0,0,,,,
8477945,Julius Honka,Honka,Julius,D,DAL,None,42,1,3,-1,14,13.01,42,20,28,1,0,0,0,0,0,,,,
8477946,Dylan Larkin,Larkin,Dylan,C,DET,None,82,16,47,-9,61,19.84,232,76,42,8,3,0,0,0,0,,,,
8477947,Sonny Milano,Milano,Sonny,LW,CBJ,None,55,14,8,-8,10,11.65,69,28,11,4,0,0,0,0,0,,,,
8471804,Nathan Gerbe,Gerbe,Nathan,LW/C,CBJ,None,2,0,0,-1,0,8.60,1,4,0,0,0,0,0,0,0,,,,
8477949,Alex Tuch,Tuch,Alex,RW,VGK,None,78,15,22,3,27,15.25,171,99,42,10,0,0,0,0,0,,,,
8475902,Zach Trotman,Trotman,Zach,D,PIT,None,3,0,0,-3,0,12.78,6,1,2,0,0,0,0,0,0,,,,
8479999,Casey Mittelstadt,Mittelstadt,Casey,C,BUF,None,6,1,4,1,2,14.02,9,2,2,1,0,0,0,0,0,,,,
8477953,Kasperi Kapanen,Kapanen,Kasperi,RW,TOR,None,38,7,2,-1,4,11.25,55,57,9,0,1,0,0,0,0,,,,
8475906,John Klingberg,Klingberg,John,D,DAL,None,82,8,59,10,26,24.07,204,44,109,23,0,0,0,0,0,,,,
8471811,Cal O'Reilly,O'Reilly,Cal,C,MIN,None,1,0,0,0,0,8.27,1,0,1,0,0,0,0,0,0,,,,
8477956,David Pastrnak,Pastrnak,David,RW,BOS,None,82,35,45,10,37,17.97,246,55,31,26,0,0,0,0,0,,,,
8477957,Nikita Scherbak,Scherbak,Nikita,RW,MTL,None,26,4,2,-5,8,13.38,39,18,15,3,1,0,0,0,0,,,,
8477958,Nikolay Goldobin,Goldobin,Nikolay,RW,VAN,None,38,8,6,-14,6,12.33,50,12,7,2,0,0,0,0,0,,,,
8477959,Joshua Ho-Sang,Ho-Sang,Joshua,RW,NYI,None,22,2,10,-7,2,14.28,18,3,1,1,0,0,0,0,0,,,,
8477960,Adrian Kempe,Kempe,Adrian,LW,LAK,None,81,16,21,11,49,13.33,119,91,18,5,0,0,0,0,0,,,,
8477961,John Quenneville,Quenneville,John,C,NJD,None,2,0,0,-3,0,13.29,5,4,0,0,0,0,0,0,0,,,,
8477962,Brendan Lemieux,Lemieux,Brendan,LW,WPG,None,9,1,0,2,21,7.94,6,12,1,0,0,0,0,0,0,,,,
8477964,Ivan Barbashev,Barbashev,Ivan,C,STL,None,53,7,6,-1,4,12.20,45,70,25,0,0,0,0,0,0,,,,
8480015,Owen Tippett,Tippett,Owen,RW,FLA,None,7,1,0,-6,0,11.12,17,3,4,0,0,0,0,0,0,,,,
8477969,Marcus Pettersson,Pettersson,Marcus,D,ANA,None,22,1,3,5,6,13.61,16,18,27,1,0,0,0,0,0,,,,
8477971,Andreas Englund,Englund,Andreas,D,OTT,None,1,0,0,1,0,11.35,0,3,2,0,0,0,0,0,0,,,,
8477973,Vladislav Kamenev,Kamenev,Vladislav,C,COL,None,3,0,0,-2,0,8.82,1,3,0,0,0,0,0,0,0,,,,
8477981,Roland McKeown,McKeown,Roland,D,CAR,None,10,0,3,3,19,13.41,7,3,5,0,0,0,0,0,0,,,,
8477573,Nathan Walker,Walker,Nathan,LW,"WSH, EDM",None,9,1,0,0,6,9.45,6,18,1,0,0,0,0,0,0,,,,
8477986,Brandon Montour,Montour,Brandon,D,ANA,None,80,9,23,16,42,20.47,160,96,83,12,2,0,0,0,0,,,,
8477987,Ryan Donato,Donato,Ryan,C,BOS,None,12,5,4,2,2,14.70,24,6,2,4,0,0,0,0,0,,,,
8477989,Christian Dvorak,Dvorak,Christian,C,ARI,None,78,15,22,-19,22,16.43,151,92,48,7,0,0,0,0,0,,,,
8480039,Martin Necas,Necas,Martin,C,CAR,None,1,0,0,0,0,6.90,0,0,0,0,0,0,0,0,0,,,,
8477994,Dominic Turgeon,Turgeon,Dominic,C,DET,None,5,0,0,-2,2,9.23,3,3,8,0,0,0,0,0,0,,,,
8475949,Marek Hrivik,Hrivik,Marek,LW,CGY,None,3,0,0,1,0,8.51,2,4,1,0,0,0,0,0,0,,,,
8477998,Warren Foegele,Foegele,Warren,LW,CAR,None,2,2,1,3,0,11.93,6,5,1,0,0,0,0,0,0,,,,
8478004,Brett Lernout,Lernout,Brett,D,MTL,None,18,0,1,-5,6,16.73,14,56,18,0,1,0,0,0,0,,,,
8473914,Mark Letestu,Letestu,Mark,C,"EDM, CBJ",None,80,9,14,-17,10,12.85,111,62,32,6,3,0,0,0,0,,,,
8478011,Louis Belpedio,Belpedio,Louie,D,MIN,None,1,0,2,1,0,15.78,0,1,1,0,0,0,0,0,0,,,,
8471873,Anton Stralman,Stralman,Anton,D,TBL,None,80,4,14,29,18,21.49,131,104,100,0,0,0,0,0,0,,,,
8478020,Michael Amadio,Amadio,Michael,C,LAK,None,37,4,4,-2,8,9.31,28,18,9,3,0,0,0,0,0,,,,
8474849,Antoine Roussel,Roussel,Antoine,LW,DAL,None,73,5,12,1,126,12.43,85,104,42,0,0,0,0,0,0,,,,
8480072,Lias Andersson,Andersson,Lias,C,NYR,None,7,1,1,1,0,11.95,5,9,3,0,0,0,0,0,0,,,,
8478027,Lucas Wallmark,Wallmark,Lucas,C,CAR,None,11,1,0,-4,2,9.49,16,13,1,0,0,0,0,0,0,,,,
8473933,Ben Lovejoy,Lovejoy,Ben,D,NJD,None,57,2,6,7,25,16.59,74,84,86,0,1,0,0,0,0,,,,
8475982,Erik Burgdoerfer,Burgdoerfer,Erik,D,OTT,None,2,0,1,2,0,13.42,2,5,2,0,0,0,0,0,0,,,,
8471887,Patric Hornqvist,Hornqvist,Patric,RW,PIT,None,70,29,20,2,58,17.32,247,137,64,22,0,0,0,0,0,,,,
8480082,Justin Kloos,Kloos,Justin,C,MIN,None,1,0,0,0,2,8.65,0,0,0,0,0,0,0,0,0,,,,
8478042,Viktor Arvidsson,Arvidsson,Viktor,LW,NSH,None,78,29,32,20,36,17.75,247,30,52,8,3,0,0,0,0,,,,
8478046,Danton Heinen,Heinen,Danton,C,BOS,None,77,16,31,10,16,15.02,135,45,33,12,1,0,0,0,0,,,,
8479974,Nolan Patrick,Patrick,Nolan,C,PHI,None,73,13,17,1,30,13.72,127,48,19,8,0,0,0,0,0,,,,
8478055,Gustav Forsling,Forsling,Gustav,D,CHI,None,41,3,10,-2,8,19.16,82,26,56,4,1,0,0,0,0,,,,
8475197,Tyson Barrie,Barrie,Tyson,D,COL,None,68,14,43,-15,22,22.70,178,40,79,30,0,0,0,0,0,,,,
8480113,Alex Iafallo,Iafallo,Alex,C,LAK,None,75,9,16,10,12,15.10,129,53,33,2,0,0,0,0,0,,,,
8478067,Oskar Lindblom,Lindblom,Oskar,LW,PHI,None,23,2,4,4,8,14.59,36,27,13,1,0,0,0,0,0,,,,
8476020,Andrew Crescenzi,Crescenzi,Andrew,C,LAK,None,2,0,0,0,2,7.86,0,4,0,0,0,0,0,0,0,,,,
8477929,Dennis Rasmussen,Rasmussen,Dennis,C,ANA,None,27,1,3,4,8,8.91,19,31,15,0,0,0,0,0,0,,,,
8478073,Anton Lindholm,Lindholm,Anton,D,COL,None,48,0,4,4,14,13.17,22,99,51,0,0,0,0,0,0,,,,
8478075,Anders Bjork,Bjork,Anders,LW,BOS,None,30,4,8,2,6,12.35,30,19,11,3,0,0,0,0,0,,,,
8479423,Alexander Nylander,Nylander,Alexander,RW,BUF,None,3,1,0,-3,0,12.86,2,0,0,0,0,0,0,0,0,,,,
8473986,Alex Killorn,Killorn,Alex,LW,TBL,None,82,15,32,22,45,16.50,156,82,25,9,0,0,0,0,0,,,,
8473991,Karl Alzner,Alzner,Karl,D,MTL,None,82,1,11,-7,40,20.08,84,141,144,0,1,0,0,0,0,,,,
8473992,Justin Falk,Falk,Justin,D,BUF,None,46,1,1,-16,28,16.09,36,121,62,0,1,0,0,0,0,,,,
8473994,Jamie Benn,Benn,Jamie,LW,DAL,None,82,36,43,20,54,19.82,241,140,62,22,2,0,0,0,0,,,,
8480143,Jakub Jerabek,Jerabek,Jakub,D,"MTL, WSH",None,36,2,6,-2,6,16.32,33,42,48,0,0,0,0,0,0,,,,
8480144,David Kampf,Kampf,David,C,CHI,None,46,4,7,-9,12,12.80,46,29,23,0,0,0,0,0,0,,,,
8480145,Neal Pionk,Pionk,Neal,D,NYR,None,28,1,13,-1,12,22.39,54,49,41,5,0,0,0,0,0,,,,
8480147,Oscar Fantenberg,Fantenberg,Oscar,D,LAK,None,27,2,7,2,11,14.26,33,43,17,4,0,0,0,0,0,,,,
8471958,Dan Girardi,Girardi,Dan,D,TBL,None,77,6,12,18,27,17.39,93,133,155,1,1,0,0,0,0,,,,
8478104,Samuel Blais,Blais,Sammy,LW,STL,None,11,1,2,1,6,10.77,9,15,2,1,0,0,0,0,0,,,,
8474009,Nick Bonino,Bonino,Nick,C,NSH,None,71,12,13,4,20,15.64,83,18,72,0,0,0,0,0,0,,,,
8478106,Dylan Sikura,Sikura,Dylan,RW,CHI,None,5,0,3,2,0,13.40,9,0,2,0,0,0,0,0,0,,,,
8474013,Ian Cole,Cole,Ian,D,"PIT, CBJ",None,67,5,15,14,76,17.78,84,95,116,1,0,0,0,0,0,,,,
8480158,Andreas Borgman,Borgman,Andreas,D,TOR,None,48,3,8,4,28,13.69,46,121,36,0,0,0,0,0,0,,,,
8474018,Christopher Didomenico,DiDomenico,Christopher,LW,OTT,None,24,6,4,-4,8,11.79,23,21,14,4,0,0,0,0,0,,,,
8480163,Philip Holm,Holm,Philip,D,VAN,None,1,0,0,-2,0,15.20,0,1,0,0,0,0,0,0,0,,,,
8480164,Henrik Haapala,Haapala,Henrik,LW,FLA,None,5,0,1,0,0,13.70,3,5,3,0,0,0,0,0,0,,,,
8474024,Jim O'Brien,O'Brien,Jim,C,OTT,None,10,0,1,-1,0,8.76,11,10,5,0,0,0,0,0,0,,,,
8474027,Justin Braun,Braun,Justin,D,SJS,None,81,5,28,7,28,21.33,115,143,152,0,0,0,0,0,0,,,,
8480172,Jan Rutta,Rutta,Jan,D,CHI,None,57,6,14,-1,24,19.25,71,24,64,4,1,0,0,0,0,,,,
8471794,Darren Helm,Helm,Darren,LW,DET,None,75,13,18,3,39,15.57,141,131,36,0,4,0,0,0,0,,,,
8474031,Kevin Shattenkirk,Shattenkirk,Kevin,D,NYR,None,46,5,18,-14,44,20.27,94,44,65,12,0,0,0,0,0,,,,
8477447,Shea Theodore,Theodore,Shea,D,VGK,None,61,6,23,5,14,20.35,144,29,70,9,0,0,0,0,0,,,,
8479304,Kyle Criscuolo,Criscuolo,Kyle,C,BUF,None,9,0,0,-4,4,8.01,5,13,3,0,0,0,0,0,0,,,,
8474034,Patrick Maroon,Maroon,Patrick,LW,"EDM, NJD",None,74,17,26,1,73,16.54,141,150,14,7,0,0,0,0,0,,,,
8478131,Ondrej Kase,Kase,Ondrej,RW,ANA,None,66,20,18,18,14,13.92,146,28,26,3,0,0,0,0,0,,,,
8474037,James van Riemsdyk,van Riemsdyk,James,LW,TOR,None,81,36,18,1,30,14.89,248,40,23,20,0,0,0,0,0,,,,
8474038,Paul Byron,Byron,Paul,LW,MTL,None,82,20,15,-4,23,16.13,115,137,55,4,2,0,0,0,0,,,,
8474040,Sam Gagner,Gagner,Sam,C,VAN,None,74,10,21,-18,35,15.11,164,54,28,11,0,0,0,0,0,,,,
8478146,Matthew Highmore,Highmore,Matthew,LW/C,CHI,None,13,2,0,-4,0,12.15,27,9,7,0,0,0,0,0,0,,,,
8474053,Logan Couture,Couture,Logan,C,SJS,None,78,34,27,-2,18,18.55,204,33,72,21,3,0,0,0,0,,,,
8474056,P.K. Subban,Subban,P.K.,D,NSH,None,82,16,43,18,82,24.11,207,111,90,25,1,0,0,0,0,,,,
8476919,Chris Tierney,Tierney,Chris,C,SJS,None,82,17,23,0,8,16.00,118,26,45,7,4,0,0,0,0,,,,
8474061,Anthony Peluso,Peluso,Anthony,RW,WSH,None,2,0,0,0,4,4.64,0,4,0,0,0,0,0,0,0,,,,
8474062,Riley Nash,Nash,Riley,C,BOS,None,76,15,26,16,18,15.41,113,86,67,3,0,0,0,0,0,,,,
8474066,Thomas Hickey,Hickey,Thomas,D,NYI,None,69,5,20,20,24,18.07,87,76,110,0,0,0,0,0,0,,,,
8473507,Jeff Petry,Petry,Jeff,D,MTL,None,82,12,30,-30,28,23.49,178,167,138,23,0,0,0,0,0,,,,
8474068,Kyle Turris,Turris,Kyle,C,"OTT, NSH",None,76,16,35,19,26,16.61,145,21,35,21,0,0,0,0,0,,,,
8474873,Brian Lashoff,Lashoff,Brian,D,DET,None,1,0,0,0,0,4.03,0,0,0,0,0,0,0,0,0,,,,
8474074,Paul Postma,Postma,Paul,D,BOS,None,14,0,1,-2,2,10.23,14,13,10,0,0,0,0,0,0,,,,
8480222,Sebastian Aho,Aho,Sebastian,D,NYI,None,22,1,3,-5,6,16.25,24,10,14,1,0,0,0,0,0,,,,
8478176,Joe Hicketts,Hicketts,Joe,D,DET,None,5,0,3,5,2,17.35,2,9,12,1,0,0,0,0,0,,,,
8474089,Brad Malone,Malone,Brad,C,EDM,None,7,0,0,0,6,7.99,9,19,3,0,0,0,0,0,0,,,,
8474090,Brendan Smith,Smith,Brendan,D,NYR,None,44,1,7,2,69,17.17,66,58,37,1,0,0,0,0,0,,,,
8474091,Brandon Sutter,Sutter,Brandon,C,VAN,None,61,11,15,8,8,17.32,106,55,32,0,4,0,0,0,0,,,,
8475218,Mattias Ekholm,Ekholm,Mattias,D,NSH,None,81,10,24,25,46,23.58,135,75,117,13,1,0,0,0,0,,,,
8474098,Colton Sceviour,Sceviour,Colton,RW/C,FLA,None,76,11,13,6,24,13.44,141,84,69,0,3,0,0,0,0,,,,
8477950,Anthony DeAngelo,DeAngelo,Tony,D,NYR,None,32,0,8,-18,11,16.56,68,31,42,6,0,0,0,0,0,,,,
8474102,David Perron,Perron,David,LW,VGK,None,70,16,50,1,50,17.81,126,118,20,18,0,0,0,0,0,,,,
8479316,Luke Kunin,Kunin,Luke,C,MIN,None,19,2,2,-3,13,12.98,32,34,8,0,1,0,0,0,0,,,,
8477951,Nick Schmaltz,Schmaltz,Nick,LW/C,CHI,None,78,21,31,1,18,18.23,118,13,39,13,2,0,0,0,0,,,,
8467967,Chris Kelly,Kelly,Chris,C,ANA,None,12,0,2,1,2,7.66,5,7,6,0,0,0,0,0,0,,,,
8478211,Dryden Hunt,Hunt,Dryden,LW,FLA,None,11,0,1,-5,2,10.56,12,22,4,0,0,0,0,0,0,,,,
8475222,Sami Vatanen,Vatanen,Sami,D,"ANA, NJD",None,72,4,28,-7,40,22.40,145,92,105,13,1,0,0,0,0,,,,
8476166,Taylor Fedun,Fedun,Taylor,D,BUF,None,7,0,1,-1,2,14.68,8,4,10,0,0,0,0,0,0,,,,
8474125,Carl Gunnarsson,Gunnarsson,Carl,D,STL,None,63,5,4,15,22,16.17,59,35,102,0,0,0,0,0,0,,,,
8476177,Matt Read,Read,Matt,RW,PHI,None,19,1,0,-2,2,10.90,16,21,11,0,0,0,0,0,0,,,,
8474131,Mario Kempe,Kempe,Mario,RW,ARI,None,18,2,2,-1,4,11.09,20,20,11,0,0,0,0,0,0,,,,
8474134,Yannick Weber,Weber,Yannick,D,NSH,None,47,2,3,2,16,12.06,40,47,35,0,0,0,0,0,0,,,,
8470041,Rick Nash,Nash,Rick,LW,"NYR, BOS",None,71,21,13,-12,28,17.05,230,51,42,7,0,0,0,0,0,,,,
8474141,Patrick Kane,Kane,Patrick,RW,CHI,None,82,27,49,-20,32,20.19,285,18,14,22,0,0,0,0,0,,,,
8476191,Kevan Miller,Miller,Kevan,D,BOS,None,68,1,15,16,70,19.46,64,164,111,0,2,0,0,0,0,,,,
8468001,Derek MacKenzie,MacKenzie,Derek,C,FLA,None,75,3,11,-9,31,11.31,86,124,45,0,4,0,0,0,0,,,,
8476195,Cory Conacher,Conacher,Cory,LW/C,TBL,None,36,8,4,0,24,9.99,45,32,14,1,0,0,0,0,0,,,,
8474149,Evgeni Dadonov,Dadonov,Evgenii,RW,FLA,None,74,28,37,10,8,18.70,188,27,33,13,0,0,0,0,0,,,,
8474150,Mikael Backlund,Backlund,Mikael,C,CGY,None,82,14,31,-21,78,19.02,214,54,40,11,3,0,0,0,0,,,,
8474151,Ryan McDonagh,McDonagh,Ryan,D,"NYR, TBL",None,63,4,25,8,20,23.33,99,71,163,9,1,0,0,0,0,,,,
8474157,Max Pacioretty,Pacioretty,Max,LW,MTL,None,64,17,20,-16,30,19.01,212,118,27,15,1,0,0,0,0,,,,
8476207,Brian Gibbons,Gibbons,Brian,LW,NJD,None,59,12,14,10,20,14.43,72,35,58,0,5,0,0,0,0,,,,
8474161,Jakub Voracek,Voracek,Jakub,RW,PHI,None,82,20,65,10,50,19.46,228,23,32,35,0,0,0,0,0,,,,
8474162,Jake Muzzin,Muzzin,Jake,D,LAK,None,74,8,34,10,40,21.65,154,170,123,14,1,0,0,0,0,,,,
8474166,Alec Martinez,Martinez,Alec,D,LAK,None,77,9,16,3,34,22.86,111,100,206,11,1,0,0,0,0,,,,
8475913,Mark Stone,Stone,Mark,RW,OTT,None,58,20,42,9,10,20.67,132,53,39,11,2,0,0,0,0,,,,
8478268,Jack Rodewald,Rodewald,Jack,RW,OTT,None,4,0,0,-1,2,7.30,0,5,2,0,0,0,0,0,0,,,,
8474176,Carl Hagelin,Hagelin,Carl,LW,PIT,None,81,10,21,8,28,15.94,169,112,36,0,2,0,0,0,0,,,,
8480330,Spencer Foo,Foo,Spencer,RW,CGY,None,4,2,0,1,0,15.85,16,6,3,0,0,0,0,0,0,,,,
8474189,Lars Eller,Eller,Lars,C,WSH,None,81,18,20,-6,38,15.30,161,71,69,6,0,0,0,0,0,,,,
8474190,Wayne Simmonds,Simmonds,Wayne,RW,PHI,None,75,24,22,-16,57,18.09,176,129,54,17,1,0,0,0,0,,,,
8470105,Scottie Upshall,Upshall,Scottie,RW,STL,None,63,7,12,-1,46,10.85,71,119,24,0,0,0,0,0,0,,,,
8470110,Trevor Daley,Daley,Trevor,D,DET,None,77,9,7,-5,36,20.70,103,24,125,0,3,0,0,0,0,,,,
8474207,Nick Holden,Holden,Nick,D,"NYR, BOS",None,73,4,13,-5,14,19.01,80,136,83,3,0,0,0,0,0,,,,
8475172,Nazem Kadri,Kadri,Nazem,C,TOR,None,80,32,23,2,42,16.76,211,94,26,19,0,0,0,0,0,,,,
8478476,Kyle Capobianco,Capobianco,Kyle,D,ARI,None,1,0,0,-1,0,13.55,0,3,1,0,0,0,0,0,0,,,,
8475167,Victor Hedman,Hedman,Victor,D,TBL,None,77,17,46,32,54,25.85,216,139,110,26,2,0,0,0,0,,,,
8474218,Jason Demers,Demers,Jason,D,ARI,None,69,6,14,-4,37,21.14,95,66,79,3,0,0,0,0,0,,,,
8468083,Henrik Zetterberg,Zetterberg,Henrik,LW/C,DET,None,82,11,45,1,14,19.50,180,49,34,18,0,0,0,0,0,,,,
8473534,Patrik Berglund,Berglund,Patrik,C,STL,None,57,17,9,-5,30,16.16,112,111,36,6,1,0,0,0,0,,,,
8474230,Micheal Haley,Haley,Micheal,LW/C,FLA,None,75,3,6,-13,212,7.79,55,124,23,0,0,0,0,0,0,,,,
8476283,Alex Broadhurst,Broadhurst,Alex,C,CBJ,None,2,0,0,0,2,10.04,1,0,0,0,0,0,0,0,0,,,,
8476285,Matthew Peca,Peca,Matthew,C,TBL,None,10,2,3,6,0,13.67,17,11,8,0,0,0,0,0,0,,,,
8470144,Frans Nielsen,Nielsen,Frans,C,DET,None,79,16,17,1,14,15.83,134,49,62,7,3,0,0,0,0,,,,
8476292,Ondrej Palat,Palat,Ondrej,LW,TBL,None,56,11,24,16,6,17.00,109,80,48,9,1,0,0,0,0,,,,
8476293,Scott Wilson,Wilson,Scott,C,"PIT, DET, BUF",None,69,6,8,-20,8,12.21,98,128,33,1,0,0,0,0,0,,,,
8470151,Jay Bouwmeester,Bouwmeester,Jay,D,STL,None,35,2,5,5,16,20.14,45,29,58,0,0,0,0,0,0,,,,
8474250,Zack Smith,Smith,Zack,LW,OTT,None,68,5,14,-32,54,16.72,124,90,29,3,1,0,0,0,0,,,,
8477634,Trevor Murphy,Murphy,Trevor,D,ARI,None,8,1,2,5,0,14.24,5,6,9,0,0,0,0,0,0,,,,
8476302,Frank Corrado,Corrado,Frank,D,PIT,None,5,0,0,-1,2,11.50,6,5,6,0,0,0,0,0,0,,,,
8476303,Rob O'Gara,O'Gara,Rob,D,"BOS, NYR",None,30,0,3,-7,6,15.51,21,42,44,0,0,0,0,0,0,,,,
8470162,Matt Stajan,Stajan,Matt,C,CGY,None,68,4,8,4,28,10.93,65,74,31,0,0,0,0,0,0,,,,
8476310,Lukas Sedlak,Sedlak,Lukas,LW/C,CBJ,None,53,4,4,-3,21,9.40,50,77,26,0,0,0,0,0,0,,,,
8476312,Josh Manson,Manson,Josh,D,ANA,None,80,7,30,34,62,20.35,117,180,99,0,1,0,0,0,0,,,,
8478365,Danick Martel,Martel,Danick,LW,PHI,None,4,0,0,-1,0,10.22,6,2,9,0,0,0,0,0,0,,,,
8478366,Frank Vatrano,Vatrano,Frank,C,"BOS, FLA",None,41,7,3,3,34,10.84,72,51,15,0,0,0,0,0,0,,,,
8476322,Chase Balisy,Balisy,Chase,C,FLA,None,8,0,0,-2,0,9.82,6,4,2,0,0,0,0,0,0,,,,
8476323,Max McCormick,McCormick,Max,LW,OTT,None,30,3,2,-5,37,8.35,33,56,8,0,0,0,0,0,0,,,,
8478373,Nikita Soshnikov,Soshnikov,Nikita,RW,"TOR, STL",None,15,1,1,-2,4,11.02,17,24,2,0,0,0,0,0,0,,,,
8476326,Josh Archibald,Archibald,Josh,RW,"PIT, ARI",None,42,5,6,-2,25,11.95,42,86,16,0,0,0,0,0,0,,,,
8479345,Jakob Chychrun,Chychrun,Jakob,D,ARI,None,50,4,10,2,16,20.25,102,74,72,4,0,0,0,0,0,,,,
8476329,Travis Boyd,Boyd,Travis,C,WSH,None,8,0,1,2,2,8.83,2,2,1,0,0,0,0,0,0,,,,
8476331,Dylan DeMelo,DeMelo,Dylan,D,SJS,None,63,0,20,-1,34,14.21,67,75,70,3,0,0,0,0,0,,,,
8480029,Alex Formenton,Formenton,Alex,LW,OTT,None,1,0,0,0,0,4.90,0,1,1,0,0,0,0,0,0,,,,
8476336,Iiro Pakarinen,Pakarinen,Iiro,RW,EDM,None,40,2,1,1,6,10.19,50,72,17,0,0,0,0,0,0,,,,
8473544,Derick Brassard,Brassard,Derick,C,"OTT, PIT",None,72,21,25,0,34,17.73,197,96,25,6,0,0,0,0,0,,,,
8474291,Jay Beagle,Beagle,Jay,RW/C,WSH,None,79,7,15,3,16,12.45,65,69,44,0,1,0,0,0,0,,,,
8476617,Tomas Hyka,Hyka,Tomas,RW,VGK,None,10,1,2,2,0,12.05,15,6,3,1,0,0,0,0,0,,,,
8476344,Tyler Graovac,Graovac,Tyler,C,WSH,None,5,0,0,-3,2,6.74,1,5,1,0,0,0,0,0,0,,,,
8476346,Johnny Gaudreau,Gaudreau,Johnny,LW,CGY,None,80,24,60,2,26,19.42,227,16,18,24,0,0,0,0,0,,,,
8478396,Noah Hanifin,Hanifin,Noah,D,CAR,None,79,10,22,-20,21,18.86,165,81,69,7,0,0,0,0,0,,,,
8477642,Rinat Valiev,Valiev,Rinat,D,MTL,None,2,0,0,0,2,11.81,2,0,2,0,0,0,0,0,0,,,,
8478398,Kyle Connor,Connor,Kyle,LW,WPG,None,76,31,26,8,16,16.91,192,18,26,11,0,0,0,0,0,,,,
8468085,Radim Vrbata,Vrbata,Radim,RW,FLA,None,42,5,9,-7,16,12.91,88,15,16,4,0,0,0,0,0,,,,
8478400,Colin White,White,Colin,C,OTT,None,21,2,4,1,8,13.34,24,12,15,0,0,0,0,0,0,,,,
8478401,Pavel Zacha,Zacha,Pavel,C,NJD,None,69,8,17,-3,30,14.37,112,70,22,5,1,0,0,0,0,,,,
8478402,Connor McDavid,McDavid,Connor,C,EDM,None,82,41,67,20,26,21.55,275,28,46,20,4,0,0,0,0,,,,
8478403,Jack Eichel,Eichel,Jack,C,BUF,None,67,25,39,-25,32,20.14,246,52,35,20,2,0,0,0,0,,,,
8476356,Tobias Rieder,Rieder,Tobias,RW/C,"ARI, LAK",None,78,12,13,-12,6,14.65,114,96,41,3,0,0,0,0,0,,,,
8478407,Vince Dunn,Dunn,Vince,D,STL,None,75,5,19,1,20,17.23,138,29,59,9,0,0,0,0,0,,,,
8478408,Travis Dermott,Dermott,Travis,D,TOR,None,37,1,12,16,8,15.99,54,48,36,0,0,0,0,0,0,,,,
8478413,Jordan Greenway,Greenway,Jordan,LW,MIN,None,6,0,1,0,0,11.44,4,5,3,0,0,0,0,0,0,,,,
8478414,Timo Meier,Meier,Timo,RW,SJS,None,81,21,15,2,51,14.87,210,105,48,4,0,0,0,0,0,,,,
8476368,Fredrik Claesson,Claesson,Fredrik,D,OTT,None,64,1,6,-7,35,15.34,60,158,84,0,0,0,0,0,0,,,,
8476370,Blake Pietila,Pietila,Blake,LW,NJD,None,2,0,0,0,0,9.46,1,5,0,0,0,0,0,0,0,,,,
8476372,Nick Seeler,Seeler,Nick,D,MIN,None,22,0,4,10,21,14.53,17,20,25,0,0,0,0,0,0,,,,
8478421,A.J. Greer,Greer,A.J.,LW,COL,None,17,0,3,2,29,7.39,13,30,5,0,0,0,0,0,0,,,,
8476374,Sean Kuraly,Kuraly,Sean,C,BOS,None,75,6,8,-5,40,12.25,134,143,22,0,1,0,0,0,0,,,,
8478425,Brendan Guhle,Guhle,Brendan,D,BUF,None,18,0,5,-6,10,18.11,37,10,8,0,0,0,0,0,0,,,,
8466138,Joe Thornton,Thornton,Joe,C,SJS,None,47,13,23,-9,38,18.35,75,32,18,18,0,0,0,0,0,,,,
8478427,Sebastian Aho,Aho,Sebastian,RW,CAR,None,78,29,36,4,24,17.92,200,65,17,16,0,0,0,0,0,,,,
8476381,Andrew Shaw,Shaw,Andrew,RW,MTL,None,51,10,10,-8,53,15.81,94,80,26,7,0,0,0,0,0,,,,
8478431,Evgeny Svechnikov,Svechnikov,Evgeny,RW,DET,None,14,2,2,-2,8,8.82,15,15,6,0,0,0,0,0,0,,,,
8478432,Christian Fischer,Fischer,Christian,RW,ARI,None,79,15,18,-17,14,13.90,154,109,23,8,0,0,0,0,0,,,,
8476386,Shane Prince,Prince,Shane,LW,NYI,None,14,1,1,-3,11,12.00,20,10,3,0,0,0,0,0,0,,,,
8476389,Vincent Trocheck,Trocheck,Vincent,C,FLA,None,82,31,44,-9,54,21.36,287,145,55,27,4,0,0,0,0,,,,
8478439,Travis Konecny,Konecny,Travis,C,PHI,None,81,24,23,17,46,14.91,177,97,53,3,0,0,0,0,0,,,,
8478440,Dylan Strome,Strome,Dylan,C,ARI,None,21,4,5,4,8,12.95,30,7,12,1,0,0,0,0,0,,,,
8476393,Nick Cousins,Cousins,Nick,C,ARI,None,71,12,7,-7,31,12.86,119,117,39,1,0,0,0,0,0,,,,
8478443,Brandon Carlo,Carlo,Brandon,D,BOS,None,76,0,6,10,45,19.24,76,89,84,0,1,0,0,0,0,,,,
8478444,Brock Boeser,Boeser,Brock,RW,VAN,None,62,29,26,-5,16,17.49,179,29,24,23,0,0,0,0,0,,,,
8478445,Mathew Barzal,Barzal,Mathew,C,NYI,None,82,22,63,1,30,17.77,170,21,31,27,0,0,0,0,0,,,,
8478447,Nicholas Merkley,Merkley,Nicholas,RW,ARI,None,1,0,0,0,2,13.50,0,0,0,0,0,0,0,0,0,,,,
8468208,Joel Ward,Ward,Joel,RW,SJS,None,52,5,7,-2,20,11.87,40,35,27,0,0,0,0,0,0,,,,
8476401,Daniel Catenacci,Catenacci,Daniel,C,NYR,None,1,0,0,-1,0,11.05,1,1,1,0,0,0,0,0,0,,,,
8476403,Klas Dahlbeck,Dahlbeck,Klas,D,CAR,None,33,1,4,-6,21,16.36,43,74,34,0,0,0,0,0,0,,,,
8476404,Andy Andreoff,Andreoff,Andy,LW,LAK,None,45,3,6,-6,50,9.39,47,77,11,0,0,0,0,0,0,,,,
8476406,Nick Shore,Shore,Nick,C,"LAK, OTT, CGY",None,64,5,14,-3,16,14.17,75,55,20,1,0,0,0,0,0,,,,
8476407,Andy Welinski,Welinski,Andy,D,ANA,None,7,0,2,-1,0,16.17,6,4,8,0,0,0,0,0,0,,,,
8476409,Alan Quine,Quine,Alan,C,NYI,None,21,0,3,-2,4,11.74,15,32,9,0,0,0,0,0,0,,,,
8478458,Jack Roslovic,Roslovic,Jack,C,WPG,None,31,5,9,5,2,12.32,38,20,9,0,0,0,0,0,0,,,,
8478460,Zach Werenski,Werenski,Zach,D,CBJ,None,77,16,21,8,16,22.58,207,58,92,10,0,0,0,0,0,,,,
8478462,Nicolas Roy,Roy,Nicolas,C,CAR,None,1,0,0,-1,0,10.77,1,2,0,0,0,0,0,0,0,,,,
8476415,Kyle Rau,Rau,Kyle,C,MIN,None,3,0,1,0,0,11.03,4,7,0,0,0,0,0,0,0,,,,
8476288,Ryan Dzingel,Dzingel,Ryan,LW,OTT,None,79,23,18,-17,35,16.49,136,60,19,8,0,0,0,0,0,,,,
8478466,Daniel Sprong,Sprong,Daniel,RW,PIT,None,8,2,1,2,0,13.98,22,9,4,0,0,0,0,0,0,,,,
8476419,Jean-Gabriel Pageau,Pageau,Jean-Gabriel,C,OTT,None,78,14,15,-14,36,16.74,147,131,69,2,1,0,0,0,0,,,,
8478469,Thomas Chabot,Chabot,Thomas,D,OTT,None,63,9,16,-12,14,17.51,94,44,64,8,0,0,0,0,0,,,,
8476422,Mike Reilly,Reilly,Mike,D,"MIN, MTL",None,57,2,16,-5,26,14.96,65,41,37,6,0,0,0,0,0,,,,
8476423,Reid Boucher,Boucher,Reid,C,VAN,None,20,3,2,-12,0,11.38,37,13,3,2,0,0,0,0,0,,,,
8470281,Duncan Keith,Keith,Duncan,D,CHI,None,82,2,30,-29,28,23.83,187,41,165,10,0,0,0,0,0,,,,
8478474,Lawson Crouse,Crouse,Lawson,LW,ARI,None,11,1,0,-6,7,10.94,13,29,6,0,0,0,0,0,0,,,,
8476427,Ty Rattie,Rattie,Ty,RW,EDM,None,14,5,4,1,2,15.47,32,11,4,0,0,0,0,0,0,,,,
8476428,Rocco Grimaldi,Grimaldi,Rocco,C,COL,None,6,1,2,0,0,9.64,7,3,5,0,0,0,0,0,0,,,,
8476429,Scott Mayfield,Mayfield,Scott,D,NYI,None,47,2,10,-6,45,17.84,58,77,73,0,0,0,0,0,0,,,,
8476430,Tomas Jurco,Jurco,Tomas,LW,CHI,None,29,6,4,1,12,12.62,45,22,12,0,0,0,0,0,0,,,,
8476431,Adam Clendening,Clendening,Adam,D,ARI,None,5,0,2,-1,2,15.93,4,2,6,0,0,0,0,0,0,,,,
8476432,Boone Jenner,Jenner,Boone,C,CBJ,None,75,13,19,1,39,16.46,187,205,83,3,0,0,0,0,0,,,,
8478483,Mitch Marner,Marner,Mitchell,C,TOR,None,82,22,47,-1,26,16.39,194,31,25,27,0,0,0,0,0,,,,
8476436,Dmitrij Jaskin,Jaskin,Dmitrij,RW,STL,None,76,6,11,6,14,12.45,124,207,46,1,0,0,0,0,0,,,,
8476437,Victor Rask,Rask,Victor,C,CAR,None,71,14,17,0,12,15.38,126,62,29,11,0,0,0,0,0,,,,
8476438,Brandon Saad,Saad,Brandon,LW,CHI,None,82,18,17,-10,14,17.50,237,29,32,1,0,0,0,0,0,,,,
8476439,Brett Ritchie,Ritchie,Brett,RW,DAL,None,71,7,7,1,42,10.84,117,172,10,3,0,0,0,0,0,,,,
8478488,Filip Chlapik,Chlapik,Filip,C,OTT,None,20,1,3,-5,4,10.07,21,19,14,1,0,0,0,0,0,,,,
8476441,Joel Edmundson,Edmundson,Joel,D,STL,None,69,7,10,-1,57,20.74,124,116,150,0,0,0,0,0,0,,,,
8476442,Matthew Nieto,Nieto,Matt,LW,COL,None,74,15,11,6,14,14.91,85,27,56,0,1,0,0,0,0,,,,
8476443,Xavier Ouellet,Ouellet,Xavier,D,DET,None,45,0,7,-3,6,13.86,57,36,43,0,0,0,0,0,0,,,,
8476619,Zack Mitchell,Mitchell,Zack,RW,MIN,None,23,3,2,-2,4,10.54,17,26,10,1,0,0,0,0,0,,,,
8478493,Joel Eriksson Ek,Eriksson Ek,Joel,LW/C,MIN,None,75,6,10,2,22,12.78,124,134,46,0,0,0,0,0,0,,,,
8476447,Miikka Salomaki,Salomaki,Miikka,RW,NSH,None,58,2,6,-8,34,10.28,51,114,35,0,0,0,0,0,0,,,,
8476448,William Karlsson,Karlsson,William,C,VGK,None,82,43,35,49,12,18.72,184,48,45,16,5,0,0,0,0,,,,
8476449,Scott Harrington,Harrington,Scott,D,CBJ,None,32,2,3,0,8,13.30,28,35,44,0,1,0,0,0,0,,,,
8476450,Ryan Sproul,Sproul,Ryan,D,NYR,None,16,1,4,-6,6,16.37,15,6,17,1,0,0,0,0,0,,,,
8478500,Ivan Provorov,Provorov,Ivan,D,PHI,None,82,17,24,17,20,24.15,203,148,169,5,0,0,0,0,0,,,,
8476453,Nikita Kucherov,Kucherov,Nikita,RW,TBL,None,80,39,61,15,42,19.82,279,31,15,36,0,0,0,0,0,,,,
8476454,Ryan Nugent-Hopkins,Nugent-Hopkins,Ryan,C,EDM,None,62,24,24,10,20,18.09,151,44,39,9,3,0,0,0,0,,,,
8476455,Gabriel Landeskog,Landeskog,Gabriel,LW,COL,None,78,25,37,16,37,20.14,183,149,51,17,1,0,0,0,0,,,,
8476456,Jonathan Huberdeau,Huberdeau,Jonathan,LW,FLA,None,82,27,42,-2,32,19.21,204,41,42,19,0,0,0,0,0,,,,
8476457,Adam Larsson,Larsson,Adam,D,EDM,None,63,4,9,10,34,21.93,92,239,140,0,0,0,0,0,0,,,,
8478506,Gabriel Carlsson,Carlsson,Gabriel,D,CBJ,None,14,0,2,0,4,11.33,18,10,10,0,0,0,0,0,0,,,,
8476459,Mika Zibanejad,Zibanejad,Mika,C,NYR,None,72,27,20,-23,14,17.97,212,92,64,21,1,0,0,0,0,,,,
8476460,Mark Scheifele,Scheifele,Mark,C,WPG,None,60,23,37,19,18,20.68,125,57,31,16,3,0,0,0,0,,,,
8476461,Sean Couturier,Couturier,Sean,C,PHI,None,82,31,45,34,31,21.59,227,74,44,14,0,0,0,0,0,,,,
8476462,Dougie Hamilton,Hamilton,Dougie,D,CGY,None,82,17,27,1,64,21.53,270,83,80,12,0,0,0,0,0,,,,
8476463,Jonas Brodin,Brodin,Jonas,D,MIN,None,73,6,15,23,30,21.60,77,34,139,3,0,0,0,0,0,,,,
8476464,Duncan Siemens,Siemens,Duncan,D,COL,None,16,1,1,-5,23,12.32,14,22,21,0,0,0,0,0,0,,,,
8476465,Ryan Murphy,Murphy,Ryan,D,MIN,None,21,2,3,8,16,19.01,25,5,19,1,0,0,0,0,0,,,,
8476466,Sven Baertschi,Baertschi,Sven,LW,VAN,None,53,14,15,3,20,15.61,83,19,29,9,0,0,0,0,0,,,,
8476467,Jamie Oleksiak,Oleksiak,Jamie,D,"DAL, PIT",None,68,5,12,7,87,16.66,81,174,76,1,0,0,0,0,0,,,,
8476468,J.T. Miller,Miller,J.T.,LW/C,"NYR, TBL",None,82,23,35,-4,40,17.02,143,124,26,18,0,0,0,0,0,,,,
8476469,Joel Armia,Armia,Joel,RW,WPG,None,79,12,17,3,22,12.60,128,86,39,4,2,0,0,0,0,,,,
8476470,Nathan Beaulieu,Beaulieu,Nathan,D,BUF,None,59,1,8,-19,36,15.95,67,45,65,1,0,0,0,0,0,,,,
8478519,Anthony Cirelli,Cirelli,Anthony,C,TBL,None,18,5,6,11,6,13.23,26,17,6,0,1,0,0,0,0,,,,
8476472,Oscar Klefbom,Klefbom,Oscar,D,EDM,None,66,5,16,-12,18,22.85,203,49,136,6,1,0,0,0,0,,,,
8476473,Connor Murphy,Murphy,Connor,D,CHI,None,76,2,12,-3,34,16.37,109,138,101,0,0,0,0,0,0,,,,
8476474,Stefan Noesen,Noesen,Stefan,RW,NJD,None,72,13,14,12,36,13.29,127,112,41,0,0,0,0,0,0,,,,
8476476,Joseph Morrow,Morrow,Joe,D,"MTL, WPG",None,56,6,10,-4,26,16.73,83,79,67,5,0,0,0,0,0,,,,
8472382,Andy Greene,Greene,Andy,D,NJD,None,81,3,10,-9,21,21.12,93,84,188,0,0,0,0,0,0,,,,
8476479,Phillip Danault,Danault,Phillip,LW/C,MTL,None,52,8,17,0,34,16.59,94,59,38,2,1,0,0,0,0,,,,
8478528,Tanner Kero,Kero,Tanner,RW/C,CHI,None,8,1,2,1,0,11.44,7,3,7,0,0,0,0,0,0,,,,
8476483,Rickard Rakell,Rakell,Rickard,C,ANA,None,77,34,35,6,14,19.42,230,115,30,18,0,0,0,0,0,,,,
8466251,Jason Chimera,Chimera,Jason,LW,"NYI, ANA",None,74,3,10,-12,37,10.30,79,132,17,0,0,0,0,0,0,,,,
8478541,Markus Hannikainen,Hannikainen,Markus,LW,CBJ,None,33,3,3,-1,6,8.37,31,31,15,0,1,0,0,0,0,,,,
8478542,Evan Rodrigues,Rodrigues,Evan,LW,BUF,None,48,7,18,-10,14,13.93,91,19,23,6,0,0,0,0,0,,,,
8476495,Seth Griffith,Griffith,Seth,C,BUF,None,21,2,1,-6,6,10.57,15,10,4,1,0,0,0,0,0,,,,
8468309,Mark Streit,Streit,Mark,D,MTL,None,2,0,0,-2,0,14.22,3,2,0,0,0,0,0,0,0,,,,
8470358,Alexandre Burrows,Burrows,Alexandre,RW,OTT,None,71,6,8,-8,59,11.69,90,65,32,3,0,0,0,0,0,,,,
8478010,Brayden Point,Point,Brayden,C,TBL,None,82,32,34,18,24,19.62,217,26,57,11,5,0,0,0,0,,,,
8478561,Andreas Martinsen,Martinsen,Andreas,LW,CHI,None,9,1,0,-1,17,12.64,14,35,4,0,0,0,0,0,0,,,,
8478567,Dean Kukan,Kukan,Dean,D,CBJ,None,11,0,4,2,2,12.36,12,2,10,0,0,0,0,0,0,,,,
8478569,Noel Acciari,Acciari,Noel,C,BOS,None,60,10,1,-6,9,12.91,66,152,41,0,1,0,0,0,0,,,,
8480002,Nico Hischier,Hischier,Nico,C,NJD,None,82,20,32,10,26,16.31,180,56,39,6,0,0,0,0,0,,,,
8476525,Colin Miller,Miller,Colin,D,VGK,None,82,10,31,-4,53,19.34,177,165,64,17,1,0,0,0,0,,,,
8478585,Derek Ryan,Ryan,Derek,C,CAR,None,80,15,23,-15,28,15.61,135,52,27,7,0,0,0,0,0,,,,
8476539,Jon Marchessault,Marchessault,Jonathan,C,VGK,None,77,27,48,36,40,17.50,268,99,26,16,0,0,0,0,0,,,,
8474520,Jason Garrison,Garrison,Jason,D,VGK,None,8,0,1,-2,4,19.07,7,7,23,0,0,0,0,0,0,,,,
8477220,Nate Schmidt,Schmidt,Nate,D,VGK,None,76,5,31,19,16,22.24,103,41,121,11,0,0,0,0,0,,,,
8477341,Andreas Johnsson,Johnsson,Andreas,LW,TOR,None,9,2,1,-2,0,11.70,19,5,5,1,0,0,0,0,0,,,,
8474870,Tyler Johnson,Johnson,Tyler,C,TBL,None,81,21,29,3,24,16.99,186,48,47,13,2,0,0,0,0,,,,
8474563,Drew Doughty,Doughty,Drew,D,LAK,None,82,10,50,23,54,26.84,205,127,128,20,1,0,0,0,0,,,,
8474564,Steven Stamkos,Stamkos,Steven,C,TBL,None,78,27,59,18,72,18.77,212,61,35,33,0,0,0,0,0,,,,
8474565,Alex Pietrangelo,Pietrangelo,Alex,D,STL,None,78,15,39,8,22,25.74,216,48,164,13,1,0,0,0,0,,,,
8474567,Zach Bogosian,Bogosian,Zach,D,BUF,None,18,0,1,-9,20,19.16,29,22,23,0,0,0,0,0,0,,,,
8474568,Luke Schenn,Schenn,Luke,D,ARI,None,64,1,6,-12,35,16.38,59,219,105,0,0,0,0,0,0,,,,
8474569,Colin Wilson,Wilson,Colin,C,COL,None,56,6,12,-5,6,13.13,75,38,23,6,0,0,0,0,0,,,,
8474571,Mikkel Boedker,Boedker,Mikkel,LW,SJS,None,74,15,22,0,12,13.36,119,41,24,8,0,0,0,0,0,,,,
8474573,Josh Bailey,Bailey,Josh,RW,NYI,None,76,18,53,-20,17,17.88,151,12,33,31,0,0,0,0,0,,,,
8474574,Tyler Myers,Myers,Tyler,D,WPG,None,82,6,30,9,48,21.43,150,68,119,17,1,0,0,0,0,,,,
8476624,Barclay Goodrow,Goodrow,Barclay,RW,SJS,None,47,7,7,1,28,10.88,57,68,30,0,1,0,0,0,0,,,,
8474578,Erik Karlsson,Karlsson,Erik,D,OTT,None,71,9,53,-25,36,26.74,196,58,120,18,1,0,0,0,0,,,,
8474579,Luca Sbisa,Sbisa,Luca,D,VGK,None,30,2,12,8,15,19.52,26,50,54,0,1,0,0,0,0,,,,
8478420,Mikko Rantanen,Rantanen,Mikko,RW,COL,None,81,29,55,0,34,18.96,178,32,40,35,0,0,0,0,0,,,,
8474581,Jake Gardiner,Gardiner,Jake,D,TOR,None,82,5,47,9,32,22.53,133,51,103,15,0,0,0,0,0,,,,
8476988,Matt Benning,Benning,Matt,D,EDM,None,73,6,15,5,49,17.28,111,149,82,2,1,0,0,0,0,,,,
8474584,Michael Del Zotto,Del Zotto,Michael,D,VAN,None,82,6,16,-8,48,20.80,128,244,127,5,0,0,0,0,0,,,,
8474586,Jordan Eberle,Eberle,Jordan,RW/C,NYI,None,81,25,34,5,21,16.07,183,46,30,10,0,0,0,0,0,,,,
8474589,Tyler Ennis,Ennis,Tyler,LW,MIN,None,73,8,14,-1,12,11.97,115,51,33,3,0,0,0,0,0,,,,
8474590,John Carlson,Carlson,John,D,WSH,None,82,15,53,0,32,24.78,237,47,146,32,0,0,0,0,0,,,,
8474600,Roman Josi,Josi,Roman,D,NSH,None,75,14,39,24,24,24.47,253,80,120,20,1,0,0,0,0,,,,
8474602,Justin Schultz,Schultz,Justin,D,PIT,None,63,4,23,22,14,19.51,109,36,93,10,0,0,0,0,0,,,,
8474604,Aaron Ness,Ness,Aaron,D,WSH,None,8,0,1,2,8,12.73,2,1,8,0,0,0,0,0,0,,,,
8474610,Zac Dalpe,Dalpe,Zac,C,CBJ,None,12,0,0,-3,13,7.44,18,6,4,0,0,0,0,0,0,,,,
8474612,Travis Hamonic,Hamonic,Travis,D,CGY,None,74,1,10,-9,79,20.70,107,83,124,0,0,0,0,0,0,,,,
8474613,Derek Stepan,Stepan,Derek,C,ARI,None,82,14,42,-7,26,19.27,209,52,54,18,2,0,0,0,0,,,,
8480761,Mitch Reinke,Reinke,Mitch,D,STL,None,1,0,0,0,0,13.08,1,0,2,0,0,0,0,0,0,,,,
8480762,Eric Robinson,Robinson,Eric,LW,CBJ,None,1,0,0,1,0,11.35,2,0,0,0,0,0,0,0,0,,,,
8480263,Dylan Ferguson,Ferguson,Dylan,G,VGK,None,1,0,0,0,0,0,0,0,0,0,0,0,0.5,6.5,0,,,,
8469514,Peter Budaj,Budaj,Peter,G,TBL,None,8,0,0,0,0,0,0,0,0,0,0,3,0.876,3.76,0,,,,
8474636,Michael Hutchinson,Hutchinson,Michael,G,WPG,None,3,0,0,0,0,0,0,0,0,0,0,2,0.907,3.26,0,,,,
8475663,Eddie Lack,Lack,Eddie,G,"CGY, NJD",None,8,0,0,0,0,0,0,0,0,0,0,2,0.87,4.02,0,,,,
8477202,Andrew Hammond,Hammond,Andrew,G,COL,None,1,0,0,0,0,0,0,0,0,0,0,0,0.939,2.06,0,,,,
8474651,Braden Holtby,Holtby,Braden,G,WSH,None,54,0,0,0,0,0,0,0,0,0,0,34,0.907,2.99,0,,,,
8475683,Sergei Bobrovsky,Bobrovsky,Sergei,G,CBJ,None,65,0,0,0,0,0,0,0,0,0,0,37,0.921,2.42,5,,,,
8474152,Scott Darling,Darling,Scott,G,CAR,None,43,0,0,0,0,0,0,0,0,0,0,13,0.888,3.18,0,,,,
8477225,Jared Coreau,Coreau,Jared,G,DET,None,7,0,0,0,0,0,0,0,0,0,0,0,0.867,4.26,0,,,,
8468011,Ryan Miller,Miller,Ryan,G,ANA,None,28,0,0,0,0,0,0,0,0,0,0,12,0.928,2.35,4,,,,
8477237,Mike Condon,Condon,Mike,G,OTT,None,31,0,0,0,0,0,0,0,0,0,0,5,0.902,3.25,0,,,,
8475195,Anders Nilsson,Nilsson,Anders,G,VAN,None,27,0,0,0,0,0,0,0,0,0,0,7,0.901,3.44,2,,,,
8479292,Charlie Lindgren,Lindgren,Charlie,G,MTL,None,14,0,0,0,0,0,0,0,0,0,0,4,0.908,3.03,2,,,,
8470594,Marc-Andre Fleury,Fleury,Marc-Andre,G,VGK,None,46,0,0,0,0,0,0,0,0,0,0,29,0.927,2.24,4,,,,
8475717,Calvin Pickard,Pickard,Calvin,G,TOR,None,1,0,0,0,0,0,0,0,0,0,0,0,0.857,3.83,0,,,,
8475660,Cam Talbot,Talbot,Cam,G,EDM,None,67,0,0,0,0,0,0,0,0,0,0,31,0.908,3.02,1,,,,
8476234,Keith Kinkaid,Kinkaid,Keith,G,NJD,None,41,0,0,0,0,0,0,0,0,0,0,26,0.913,2.77,1,,,,
8470093,Mike McKenna,McKenna,Mike,G,DAL,None,2,0,0,0,0,0,0,0,0,0,0,1,0.9,2.96,0,,,,
8475215,Robin Lehner,Lehner,Robin,G,BUF,None,53,0,0,0,0,0,0,0,0,0,0,14,0.908,3.01,3,,,,
8479312,Alex Lyon,Lyon,Alex,G,PHI,None,11,0,0,0,0,0,0,0,0,0,0,4,0.905,2.75,0,,,,
8475234,J-F Berube,Berube,J-F,G,CHI,None,13,0,0,0,0,0,0,0,0,0,0,3,0.894,3.78,0,,,,
8469608,Mike Smith,Smith,Mike,G,CGY,None,55,0,0,0,0,0,0,0,0,0,0,25,0.916,2.65,3,,,,
8477293,Antti Raanta,Raanta,Antti,G,ARI,None,47,0,0,0,0,0,0,0,0,0,0,21,0.93,2.24,3,,,,
8470645,Corey Crawford,Crawford,Corey,G,CHI,None,28,0,0,0,0,0,0,0,0,0,0,16,0.929,2.27,2,,,,
8470140,Kari Lehtonen,Lehtonen,Kari,G,DAL,None,37,0,0,0,0,0,0,0,0,0,0,15,0.912,2.56,1,,,,
8480382,Alexandar Georgiev,Georgiev,Alexandar,G,NYR,None,10,0,0,0,0,0,0,0,0,0,0,4,0.918,3.15,0,,,,
8471679,Carey Price,Price,Carey,G,MTL,None,49,0,0,0,0,0,0,0,0,0,0,16,0.9,3.11,1,,,,
8470657,Jimmy Howard,Howard,Jimmy,G,DET,None,60,0,0,0,0,0,0,0,0,0,0,22,0.91,2.85,1,,,,
8470147,Curtis McElhinney,McElhinney,Curtis,G,TOR,None,18,0,0,0,0,0,0,0,0,0,0,11,0.934,2.14,3,,,,
8475789,Jack Campbell,Campbell,Jack,G,LAK,None,5,0,0,0,0,0,0,0,0,0,0,2,0.924,2.48,0,,,,
8471695,Tuukka Rask,Rask,Tuukka,G,BOS,None,54,0,0,0,0,0,0,0,0,0,0,34,0.917,2.36,3,,,,
8476316,Laurent Brossoit,Brossoit,Laurent,G,EDM,None,14,0,0,0,0,0,0,0,0,0,0,3,0.883,3.24,0,,,,
8475809,Scott Wedgewood,Wedgewood,Scott,G,ARI,None,20,0,0,0,0,0,0,0,0,0,0,5,0.893,3.45,1,,,,
8471715,Ondrej Pavelec,Pavelec,Ondrej,G,NYR,None,19,0,0,0,0,0,0,0,0,0,0,4,0.91,3.05,1,,,,
8480420,Collin Delia,Delia,Collin,G,CHI,None,2,0,0,0,0,0,0,0,0,0,0,1,0.889,3.96,0,,,,
8476330,Adam Wilcox,Wilcox,Adam,G,BUF,None,1,0,0,0,0,0,0,0,0,0,0,0,1,0,0,,,,
8475311,Darcy Kuemper,Kuemper,Darcy,G,"LAK, ARI",None,29,0,0,0,0,0,0,0,0,0,0,12,0.92,2.52,4,,,,
8471219,Al Montoya,Montoya,Al,G,"MTL, EDM",None,13,0,0,0,0,0,0,0,0,0,0,4,0.893,3.21,0,,,,
8476341,Anton Forsberg,Forsberg,Anton,G,CHI,None,35,0,0,0,0,0,0,0,0,0,0,10,0.908,2.97,0,,,,
8471734,Jonathan Quick,Quick,Jonathan,G,LAK,None,64,0,0,0,0,0,0,0,0,0,0,33,0.921,2.4,5,,,,
8475831,Philipp Grubauer,Grubauer,Philipp,G,WSH,None,35,0,0,0,0,0,0,0,0,0,0,15,0.923,2.35,3,,,,
8471227,Devan Dubnyk,Dubnyk,Devan,G,MIN,None,60,0,0,0,0,0,0,0,0,0,0,35,0.918,2.52,5,,,,
8476861,Oscar Dansk,Dansk,Oscar,G,VGK,None,4,0,0,0,0,0,0,0,0,0,0,3,0.946,1.78,1,,,,
8475839,Louis Domingue,Domingue,Louis,G,"ARI, TBL",None,19,0,0,0,0,0,0,0,0,0,0,7,0.894,3.41,0,,,,
8471750,Ben Bishop,Bishop,Ben,G,DAL,None,53,0,0,0,0,0,0,0,0,0,0,26,0.916,2.49,5,,,,
8471239,Cory Schneider,Schneider,Cory,G,NJD,None,40,0,0,0,0,0,0,0,0,0,0,17,0.907,2.93,1,,,,
8476876,Malcolm Subban,Subban,Malcolm,G,VGK,None,22,0,0,0,0,0,0,0,0,0,0,13,0.91,2.68,0,,,,
8475852,Petr Mrazek,Mrazek,Petr,G,"DET, PHI",None,39,0,0,0,0,0,0,0,0,0,0,14,0.902,3.03,4,,,,
8468685,Henrik Lundqvist,Lundqvist,Henrik,G,NYR,None,63,0,0,0,0,0,0,0,0,0,0,26,0.915,2.98,2,,,,
8476883,Andrei Vasilevskiy,Vasilevskiy,Andrei,G,TBL,None,65,0,0,0,0,0,0,0,0,0,0,44,0.92,2.62,8,,,,
8466141,Roberto Luongo,Luongo,Roberto,G,FLA,None,35,0,0,0,0,0,0,0,0,0,0,18,0.929,2.47,3,,,,
8471774,Alex Stalock,Stalock,Alex,G,MIN,None,28,0,0,0,0,0,0,0,0,0,0,10,0.91,2.85,1,,,,
8476899,Matt Murray,Murray,Matt,G,PIT,None,49,0,0,0,0,0,0,0,0,0,0,27,0.907,2.92,1,,,,
8476903,Jon Gillies,Gillies,Jon,G,CGY,None,11,0,0,0,0,0,0,0,0,0,0,3,0.896,2.88,0,,,,
8475883,Frederik Andersen,Andersen,Frederik,G,TOR,None,66,0,0,0,0,0,0,0,0,0,0,38,0.918,2.81,5,,,,
8477424,Juuse Saros,Saros,Juuse,G,NSH,None,26,0,0,0,0,0,0,0,0,0,0,11,0.925,2.45,3,,,,
8476914,Joonas Korpisalo,Korpisalo,Joonas,G,CBJ,None,18,0,0,0,0,0,0,0,0,0,0,8,0.897,3.32,0,,,,
8478965,Ken Appleby,Appleby,Ken,G,NJD,None,3,0,0,0,0,0,0,0,0,0,0,0,0.945,1.45,0,,,,
8474667,Harri Sateri,Sateri,Harri,G,FLA,None,9,0,0,0,0,0,0,0,0,0,0,4,0.911,2.92,0,,,,
8471301,Jeff Glass,Glass,Jeff,G,CHI,None,15,0,0,0,0,0,0,0,0,0,0,3,0.898,3.36,0,,,,
8479496,David Rittich,Rittich,David,G,CGY,None,21,0,0,0,0,0,0,0,0,0,0,8,0.904,2.92,0,,,,
8474889,Martin Jones,Jones,Martin,G,SJS,None,60,0,0,0,0,0,0,0,0,0,0,30,0.915,2.55,4,,,,
8471306,Thomas Greiss,Greiss,Thomas,G,NYI,None,27,0,0,0,0,0,0,0,0,0,0,13,0.892,3.82,1,,,,
8477967,Thatcher Demko,Demko,Thatcher,G,VAN,None,1,0,0,0,0,0,0,0,0,0,0,1,0.867,3.91,0,,,,
8476945,Connor Hellebuyck,Hellebuyck,Connor,G,WPG,None,67,0,0,0,0,0,0,0,0,0,0,44,0.924,2.36,6,,,,
8476434,John Gibson,Gibson,John,G,ANA,None,60,0,0,0,0,0,0,0,0,0,0,31,0.926,2.43,4,,,,
8477465,Tristan Jarry,Jarry,Tristan,G,PIT,None,26,0,0,0,0,0,0,0,0,0,0,14,0.908,2.77,2,,,,
8476444,Christopher Gibson,Gibson,Christopher,G,NYI,None,8,0,0,0,0,0,0,0,0,0,0,2,0.908,3.65,0,,,,
8478499,Adin Hill,Hill,Adin,G,ARI,None,4,0,0,0,0,0,0,0,0,0,0,1,0.891,3.49,0,,,,
8477990,Brandon Halverson,Halverson,Brandon,G,NYR,None,1,0,0,0,0,0,0,0,0,0,0,0,0.833,4.78,0,,,,
8477480,Eric Comrie,Comrie,Eric,G,WPG,None,3,0,0,0,0,0,0,0,0,0,0,1,0.872,3.99,0,,,,
8470320,Cam Ward,Ward,Cam,G,CAR,None,43,0,0,0,0,0,0,0,0,0,0,23,0.906,2.73,2,,,,
8473607,Michal Neuvirth,Neuvirth,Michal,G,PHI,None,22,0,0,0,0,0,0,0,0,0,0,9,0.915,2.6,1,,,,
8476986,Marek Langhamer,Langhamer,Marek,G,ARI,None,1,0,0,0,0,0,0,0,0,0,0,0,1,0,0,,,,
8476999,Linus Ullmark,Ullmark,Linus,G,BUF,None,5,0,0,0,0,0,0,0,0,0,0,1,0.935,2,0,,,,
8470860,Jaroslav Halak,Halak,Jaroslav,G,NYI,None,54,0,0,0,0,0,0,0,0,0,0,20,0.908,3.19,1,,,,
8473434,Chad Johnson,Johnson,Chad,G,BUF,None,36,0,0,0,0,0,0,0,0,0,0,10,0.891,3.55,0,,,,
8476509,Maxime Lagace,Lagace,Maxime,G,VGK,None,16,0,0,0,0,0,0,0,0,0,0,6,0.867,3.92,0,,,,
8470880,Brian Elliott,Elliott,Brian,G,PHI,None,43,0,0,0,0,0,0,0,0,0,0,23,0.909,2.66,1,,,,
8473461,Steve Mason,Mason,Steve,G,WPG,None,13,0,0,0,0,0,0,0,0,0,0,5,0.906,3.24,1,,,,
8471418,Anton Khudobin,Khudobin,Anton,G,BOS,None,31,0,0,0,0,0,0,0,0,0,0,16,0.913,2.56,1,,,,
8471433,Daniel Taylor,Taylor,Daniel,G,OTT,None,1,0,0,0,0,0,0,0,0,0,0,0,0.882,4.1,0,,,,
8473499,Reto Berra,Berra,Reto,G,ANA,None,5,0,0,0,0,0,0,0,0,0,0,1,0.926,2.31,0,,,,
8473503,James Reimer,Reimer,James,G,FLA,None,44,0,0,0,0,0,0,0,0,0,0,22,0.913,2.99,4,,,,
8479138,Scott Foster,Foster,Scott,G,CHI,None,1,0,0,0,0,0,0,0,0,0,0,0,1,0,0,,,,
8471469,Pekka Rinne,Rinne,Pekka,G,NSH,None,59,0,0,0,0,0,0,0,0,0,0,42,0.927,2.31,8,,,,
8474550,Antti Niemi,Niemi,Antti,G,"PIT, FLA, MTL",None,24,0,0,0,0,0,0,0,0,0,0,7,0.911,3.12,1,,,,
8473541,Jonathan Bernier,Bernier,Jonathan,G,COL,None,37,0,0,0,0,0,0,0,0,0,0,19,0.913,2.85,2,,,,
8479193,Casey DeSmith,DeSmith,Casey,G,PIT,None,14,0,0,0,0,0,0,0,0,0,0,6,0.921,2.4,1,,,,
8474593,Jacob Markstrom,Markstrom,Jacob,G,VAN,None,60,0,0,0,0,0,0,0,0,0,0,23,0.912,2.71,2,,,,
8474596,Jake Allen,Allen,Jake,G,STL,None,59,0,0,0,0,0,0,0,0,0,0,27,0.906,2.75,1,,,,
8475622,Carter Hutton,Hutton,Carter,G,STL,None,32,0,0,0,0,0,0,0,0,0,0,17,0.931,2.09,3,,,,
8473575,Semyon Varlamov,Varlamov,Semyon,G,COL,None,51,0,0,0,0,0,0,0,0,0,0,24,0.92,2.68,2,,,,
8467950,Craig Anderson,Anderson,Craig,G,OTT,None,58,0,0,0,0,0,0,0,0,0,0,23,0.898,3.32,2,,,,
8477180,Aaron Dell,Dell,Aaron,G,SJS,None,29,0,0,0,0,0,0,0,0,0,0,15,0.914,2.64,2,,,,
